amount_minor,payment_failure_count,successful_payment_count,retry_count,customer_tenure_days,historical_recovery_count,historical_recovery_success_count,payment_hour,payment_day_of_week,preferred_payment_method,failure_reason,ground_truth_prob,recovered
1903973,3,18,1,61,2,2,6,5,upi,temporary_gateway_issue,0.855,0
4756035,0,14,3,147,2,2,21,5,wallet,temporary_gateway_issue,0.715,1
3673370,4,14,3,174,3,0,17,5,upi,insufficient_funds,0.1872,0
3013359,0,3,3,278,4,4,15,3,card,checkout_abandoned,0.415,1
822292,1,6,1,334,1,1,1,2,netbanking,gateway_error,0.555,1
822172,3,12,1,142,0,0,3,5,unknown,insufficient_funds,0.135,0
337513,0,2,0,44,0,0,19,3,card,checkout_abandoned,0.925,1
4337571,2,15,0,144,4,2,15,1,upi,temporary_gateway_issue,0.95,1
3025519,0,8,3,353,2,0,2,5,upi,card_expired,0.215,1
3554959,3,7,3,333,2,0,23,1,upi,temporary_gateway_issue,0.56,1
151893,4,19,2,55,2,2,22,4,card,user_abandoned,0.4741,0
4851053,4,12,3,307,2,1,1,2,upi,unknown,0.1275,0
4170591,3,16,0,358,2,1,2,0,upi,temporary_gateway_issue,0.7697,0
1101078,1,16,0,161,4,0,4,2,upi,user_abandoned,0.6544,1
950033,1,16,0,285,3,2,1,5,card,unknown,0.4544,0
957852,4,0,1,325,1,0,18,5,upi,unknown,0.455,0
1555999,4,7,1,198,2,0,23,2,upi,insufficient_funds,0.3777,0
2647544,3,18,3,159,3,0,19,2,upi,insufficient_funds,0.365,0
2188127,1,5,2,80,0,0,1,4,card,temporary_gateway_issue,0.4267,1
1491584,4,2,2,31,4,0,1,6,card,temporary_gateway_issue,0.2517,1
3078671,1,4,2,112,3,3,21,1,upi,insufficient_funds,0.465,0
740494,4,12,1,46,2,2,23,0,netbanking,gateway_error,0.7175,1
1496116,0,14,0,353,2,2,22,6,upi,card_expired,0.775,1
1863491,2,13,0,205,2,2,19,2,upi,insufficient_funds,0.7283,0
2307546,5,15,1,52,3,1,17,0,upi,user_abandoned,0.6675,0
3936621,0,17,2,138,2,0,19,2,card,user_abandoned,0.685,1
1038385,5,10,2,74,3,0,20,1,card,temporary_gateway_issue,0.7183,1
2595460,4,2,3,41,2,0,13,0,upi,insufficient_funds,0.05,0
2982452,2,9,3,77,0,0,14,6,card,card_expired,0.2514,0
279929,2,9,2,187,0,0,11,3,upi,gateway_error,0.7214,1
3057347,4,15,1,52,1,1,10,1,unknown,gateway_error,0.7313,0
894094,4,11,2,87,2,2,10,6,card,user_abandoned,0.4417,1
372005,1,1,3,109,2,0,6,0,card,gateway_error,0.39,0
4746983,4,8,2,225,3,3,11,2,card,user_abandoned,0.4183,0
4829878,3,2,1,248,3,0,15,6,unknown,checkout_abandoned,0.445,0
4051566,4,14,0,69,2,1,4,2,unknown,insufficient_funds,0.2472,0
1557838,3,2,1,120,1,0,1,1,card,user_abandoned,0.245,0
533476,4,18,1,67,2,0,21,1,upi,temporary_gateway_issue,0.95,1
3436953,1,17,3,61,3,2,15,6,upi,user_abandoned,0.4956,1
2228754,3,7,1,327,2,2,22,2,upi,user_abandoned,0.65,1
654089,0,16,1,191,3,2,14,0,card,gateway_error,0.805,0
2501125,3,7,3,189,2,1,10,6,upi,insufficient_funds,0.16,1
220223,1,6,3,151,4,3,5,3,wallet,timeout,0.315,1
4551135,5,6,0,286,3,2,12,4,upi,gateway_error,0.8659,1
1330960,3,2,2,96,1,1,18,1,netbanking,unknown,0.375,0
3329485,4,0,1,312,4,2,9,2,upi,insufficient_funds,0.155,0
1592969,4,3,3,309,2,0,23,0,card,insufficient_funds,0.05,0
2624336,5,4,0,263,3,1,18,1,upi,gateway_error,0.95,1
2756215,1,0,2,97,4,4,4,0,card,timeout,0.135,0
965029,2,14,3,113,1,1,20,1,upi,user_abandoned,0.6212,1
4849443,4,4,2,125,3,3,6,2,upi,insufficient_funds,0.21,0
3886907,0,12,2,132,4,4,10,0,netbanking,card_expired,0.435,1
4700519,1,7,1,121,4,1,13,2,upi,card_expired,0.6112,1
4479395,3,7,1,197,4,3,22,0,upi,gateway_error,0.8,1
3009604,3,4,3,294,0,0,20,1,upi,insufficient_funds,0.265,0
4613277,0,8,2,122,2,2,15,4,netbanking,gateway_error,0.685,1
488037,4,0,3,282,3,3,17,4,upi,gateway_error,0.315,1
1020115,1,3,3,260,3,2,20,6,card,gateway_error,0.6275,1
273875,0,2,2,39,3,2,22,3,upi,checkout_abandoned,0.635,1
1660385,4,1,3,54,4,2,22,3,upi,unknown,0.135,0
1973952,1,7,2,161,2,0,3,6,netbanking,gateway_error,0.4412,0
1393177,3,8,2,289,1,0,0,6,upi,temporary_gateway_issue,0.6895,1
4152250,1,1,2,200,3,2,21,5,card,gateway_error,0.66,0
1815928,5,13,2,276,2,2,14,2,upi,user_abandoned,0.5378,1
1440625,2,13,0,16,2,2,13,0,upi,insufficient_funds,0.5783,1
2736345,1,3,2,173,0,0,18,3,card,timeout,0.7475,0
747574,2,5,1,248,3,3,4,1,card,insufficient_funds,0.105,1
4020875,1,10,1,218,4,2,3,6,card,card_expired,0.3232,1
419025,2,2,1,87,2,2,12,4,card,temporary_gateway_issue,0.63,1
4935090,5,7,2,82,2,1,17,0,upi,gateway_error,0.6392,0
3872611,3,2,1,62,1,1,11,5,upi,gateway_error,0.695,1
1033642,4,13,0,287,0,0,22,4,upi,insufficient_funds,0.5426,1
77334,2,12,3,42,2,1,20,6,netbanking,checkout_abandoned,0.515,0
4086534,5,12,2,12,2,1,14,0,netbanking,temporary_gateway_issue,0.5821,0
3548943,2,1,1,321,4,2,22,6,upi,gateway_error,0.6717,0
3658585,3,12,0,234,4,3,8,3,upi,checkout_abandoned,0.805,1
3867788,2,18,3,329,1,1,3,3,upi,gateway_error,0.43,1
416521,5,5,0,131,1,1,4,2,wallet,gateway_error,0.55,1
1824405,5,15,1,115,1,0,8,5,netbanking,user_abandoned,0.5675,0
623551,0,1,0,218,4,1,12,0,upi,card_expired,0.775,1
4322361,3,7,3,137,4,1,9,5,upi,insufficient_funds,0.16,0
3135325,0,16,1,106,0,0,15,1,upi,card_expired,0.655,1
1687945,3,1,3,179,3,2,12,5,card,card_expired,0.0525,0
364613,2,9,0,16,3,3,3,6,card,gateway_error,0.6614,1
1589362,5,15,2,242,0,0,20,6,upi,timeout,0.8475,1
1659657,0,5,2,334,3,1,12,3,netbanking,timeout,0.685,1
3661550,2,1,2,226,4,1,20,2,card,unknown,0.3517,0
3205909,5,1,2,242,3,2,7,6,upi,unknown,0.2433,0
4441703,3,12,3,141,4,3,12,3,card,temporary_gateway_issue,0.495,0
2387463,5,14,2,199,0,0,14,4,upi,insufficient_funds,0.2929,0
641991,2,1,3,112,1,1,19,3,wallet,gateway_error,0.4817,1
3580561,0,6,1,127,0,0,19,0,upi,gateway_error,0.95,1
3815885,0,2,2,21,3,2,12,2,upi,insufficient_funds,0.385,0
2828322,5,7,3,147,4,4,22,6,card,timeout,0.4192,1
3866287,2,13,2,89,3,0,4,0,card,insufficient_funds,0.05,0
2494288,1,6,2,303,3,1,21,1,upi,insufficient_funds,0.485,0
2637527,3,6,2,203,1,1,21,1,unknown,user_abandoned,0.5683,1
2166328,3,0,3,85,3,0,5,3,upi,card_expired,0.05,0
175824,2,16,0,167,1,0,4,2,upi,card_expired,0.5361,1
584062,1,8,2,72,4,1,12,5,netbanking,gateway_error,0.6461,1
205574,0,12,2,298,4,4,4,2,upi,card_expired,0.335,1
3200231,4,18,1,9,1,1,12,2,upi,checkout_abandoned,0.6914,1
1606062,4,18,0,281,0,0,23,2,card,gateway_error,0.8614,1
2567424,2,16,3,258,4,0,19,3,upi,insufficient_funds,0.3761,0
4542454,1,9,1,275,0,0,22,0,unknown,unknown,0.52,0
1283996,1,9,2,238,4,0,7,3,upi,insufficient_funds,0.35,0
2081395,3,3,1,20,4,0,8,5,card,insufficient_funds,0.23,0
3789978,0,7,1,233,2,2,20,0,upi,gateway_error,0.95,1
1182550,5,19,2,221,3,0,18,5,upi,insufficient_funds,0.4621,0
431050,1,19,0,326,3,1,19,4,card,insufficient_funds,0.6575,1
1484269,5,17,0,17,0,0,14,4,card,gateway_error,0.8455,1
848045,4,13,1,89,3,0,21,6,netbanking,insufficient_funds,0.4726,0
4652003,5,17,2,196,0,0,9,6,upi,gateway_error,0.7055,0
4050195,0,13,3,350,4,1,10,0,card,card_expired,0.315,0
3185348,0,19,1,84,2,1,4,3,upi,unknown,0.455,0
4363729,5,14,3,87,2,1,8,5,card,insufficient_funds,0.0729,0
4028176,2,3,1,307,4,1,10,5,card,timeout,0.665,1
973521,1,12,1,338,1,0,18,6,upi,insufficient_funds,0.6281,1
4468167,2,7,2,154,1,1,1,6,card,gateway_error,0.4072,0
2719744,5,17,2,228,3,1,5,1,upi,unknown,0.2555,0
4046828,1,11,3,264,0,0,22,5,card,gateway_error,0.5358,1
4485651,3,13,3,223,2,0,20,3,card,gateway_error,0.6494,1
1624117,2,1,0,121,3,1,0,1,upi,insufficient_funds,0.3917,0
594757,2,17,2,173,4,0,2,3,wallet,timeout,0.4482,1
1178279,5,1,1,4,2,2,2,2,upi,temporary_gateway_issue,0.4133,0
2164183,4,10,1,342,0,0,13,5,wallet,gateway_error,0.705,1
4099173,5,8,0,128,0,0,19,2,upi,user_abandoned,0.8904,1
4310616,2,11,2,110,1,1,21,4,wallet,temporary_gateway_issue,0.7812,0
84413,1,16,1,355,3,0,4,4,upi,gateway_error,0.6844,1
2578199,4,14,0,37,4,4,16,0,upi,temporary_gateway_issue,0.9472,1
2116184,5,16,0,71,2,1,14,5,wallet,gateway_error,0.8417,1
1149433,5,17,1,289,0,0,5,6,upi,insufficient_funds,0.2255,0
643333,2,5,1,31,2,2,13,1,upi,timeout,0.805,1
1721195,2,16,3,268,4,0,13,2,netbanking,card_expired,0.2761,0
4717403,3,17,2,11,2,1,16,3,card,gateway_error,0.6325,0
1649854,5,7,3,344,3,2,7,5,card,gateway_error,0.4192,1
2618013,2,8,0,328,1,0,7,0,upi,gateway_error,0.95,1
3529943,0,5,1,32,2,2,18,3,card,gateway_error,0.95,1
1849966,4,4,3,57,1,0,8,2,upi,gateway_error,0.49,0
4860321,0,11,0,166,4,4,10,5,wallet,temporary_gateway_issue,0.925,1
4814114,4,10,2,188,1,0,12,6,card,gateway_error,0.585,0
1296322,5,0,1,342,2,0,12,2,card,insufficient_funds,0.055,0
2511380,3,10,3,19,2,1,23,5,upi,temporary_gateway_issue,0.5842,1
1539347,2,18,2,116,0,0,18,5,netbanking,gateway_error,0.8,1
1459960,2,8,3,184,2,0,20,2,card,temporary_gateway_issue,0.645,1
232590,2,1,0,270,1,1,18,2,netbanking,gateway_error,0.8417,1
3067343,5,11,2,33,0,0,4,3,upi,timeout,0.4756,1
2538261,4,3,3,10,2,2,15,0,netbanking,temporary_gateway_issue,0.365,0
304819,2,3,2,80,2,0,8,2,card,gateway_error,0.545,1
1429299,0,17,0,192,4,4,19,4,upi,temporary_gateway_issue,0.95,1
4545916,2,14,2,320,0,0,21,0,upi,gateway_error,0.8913,1
1235831,5,18,3,190,4,0,2,4,upi,card_expired,0.1389,0
767229,3,12,0,68,4,0,18,3,upi,unknown,0.855,1
2472791,0,18,1,348,4,1,4,2,upi,gateway_error,0.705,0
4928969,2,16,3,125,3,1,7,0,upi,timeout,0.6261,1
1248173,2,5,3,336,4,2,13,6,card,temporary_gateway_issue,0.465,0
3377070,1,15,0,59,1,0,23,2,card,gateway_error,0.9031,1
3820017,4,11,0,97,2,2,2,5,upi,gateway_error,0.7317,1
1226305,0,18,1,275,3,2,23,2,netbanking,user_abandoned,0.655,1
3654670,1,4,3,149,4,0,12,6,wallet,temporary_gateway_issue,0.495,1
1870526,3,16,0,278,2,1,10,0,upi,unknown,0.7197,1
3179913,4,0,1,265,0,0,7,2,upi,insufficient_funds,0.155,0
3185972,0,9,1,9,0,0,18,2,card,gateway_error,0.95,1
2702084,2,14,0,283,2,1,9,1,card,card_expired,0.6312,0
496934,0,10,3,273,1,1,17,1,card,checkout_abandoned,0.415,0
4184747,2,12,2,301,2,1,17,0,card,user_abandoned,0.485,0
1637861,4,4,2,8,2,2,6,0,upi,card_expired,0.36,0
973266,2,0,1,208,3,0,15,5,netbanking,temporary_gateway_issue,0.455,0
251836,3,11,2,125,0,0,5,5,upi,gateway_error,0.51,1
2974920,5,10,2,123,0,0,15,2,upi,gateway_error,0.6683,0
3403943,2,16,0,33,4,4,15,4,upi,insufficient_funds,0.5861,0
132109,3,3,1,1,2,0,22,0,upi,unknown,0.48,1
2584860,5,14,3,204,2,0,23,6,card,card_expired,0.2229,0
1171154,4,8,1,6,1,0,0,2,card,user_abandoned,0.5383,0
3243605,4,19,0,297,0,0,23,4,wallet,temporary_gateway_issue,0.8641,1
913113,0,18,2,5,1,1,18,1,upi,timeout,0.935,1
3470141,3,18,3,80,3,1,2,5,unknown,user_abandoned,0.165,0
1964339,3,11,1,274,4,1,5,6,card,insufficient_funds,0.13,0
4686813,1,4,2,177,1,1,3,0,upi,insufficient_funds,0.115,1
730728,1,9,1,338,0,0,3,2,netbanking,card_expired,0.32,1
1738278,5,16,3,321,3,1,3,1,card,insufficient_funds,0.05,0
611693,5,4,1,339,2,2,9,3,upi,unknown,0.4606,0
4627233,1,15,1,136,3,1,8,1,netbanking,insufficient_funds,0.3831,1
4392829,5,6,1,25,1,0,7,2,card,gateway_error,0.6459,1
1326811,2,8,2,325,0,0,18,5,card,insufficient_funds,0.365,0
3316921,1,2,3,183,1,0,16,4,netbanking,gateway_error,0.4483,1
4095249,3,14,3,168,2,2,16,6,upi,insufficient_funds,0.2032,0
2798244,2,15,2,338,2,1,0,6,card,gateway_error,0.6438,0
2671770,5,17,2,178,0,0,19,3,card,checkout_abandoned,0.6055,1
1247168,4,13,2,95,4,1,13,6,upi,user_abandoned,0.5526,1
510858,0,2,0,33,3,3,21,3,upi,gateway_error,0.95,1
4491218,1,11,1,111,3,3,19,5,netbanking,gateway_error,0.9258,1
4507069,4,8,1,146,2,1,10,3,upi,insufficient_funds,0.3883,1
3183852,5,6,3,231,1,1,2,0,card,card_expired,0.05,0
1728197,3,8,1,272,1,1,23,2,wallet,gateway_error,0.7095,0
1778587,0,12,0,336,4,2,7,6,upi,gateway_error,0.95,1
3643480,4,17,2,38,1,1,21,3,upi,insufficient_funds,0.4683,0
4490695,0,4,3,135,3,2,9,1,upi,timeout,0.665,1
4441077,1,12,3,334,1,0,16,4,card,gateway_error,0.5381,1
3910383,5,3,1,235,4,2,7,2,wallet,card_expired,0.3362,0
3228056,3,1,3,319,3,2,21,5,card,unknown,0.2025,0
466492,5,15,2,345,1,1,0,6,upi,gateway_error,0.6975,0
850062,0,8,3,160,3,1,19,1,card,insufficient_funds,0.315,0
4497843,4,8,2,38,2,0,20,0,card,gateway_error,0.7183,1
3051823,1,5,0,150,2,0,6,3,upi,gateway_error,0.95,1
95525,1,10,0,308,2,0,23,1,card,gateway_error,0.8932,1
552284,5,0,2,29,1,1,8,2,upi,insufficient_funds,0.05,1
3334333,4,3,1,144,4,4,11,6,netbanking,user_abandoned,0.455,0
75054,4,12,3,76,3,0,21,1,upi,insufficient_funds,0.3275,0
845999,0,12,1,145,0,0,8,0,upi,gateway_error,0.905,1
2766232,5,12,3,229,2,1,19,4,netbanking,gateway_error,0.6121,0
3474881,5,1,0,64,2,0,23,3,card,insufficient_funds,0.2333,0
3277208,2,8,0,347,0,0,2,2,upi,gateway_error,0.755,1
1160133,5,7,0,345,0,0,3,6,wallet,temporary_gateway_issue,0.5792,0
3575287,1,6,3,269,1,1,9,3,card,insufficient_funds,0.115,0
1224382,0,3,0,328,3,3,3,3,upi,checkout_abandoned,0.675,0
1660728,4,17,0,184,2,2,21,5,card,gateway_error,0.95,1
3745132,5,2,0,261,4,2,8,3,netbanking,timeout,0.675,1
3265682,0,5,0,268,1,0,21,1,card,gateway_error,0.95,1
4253655,5,11,1,169,1,1,0,1,upi,timeout,0.7956,1
3305183,4,11,0,259,4,3,4,4,card,insufficient_funds,0.2317,0
2863127,3,7,0,227,4,3,8,0,card,user_abandoned,0.67,1
513690,4,0,1,33,4,2,4,6,netbanking,insufficient_funds,0.05,0
1870193,4,3,1,214,0,0,5,6,upi,temporary_gateway_issue,0.505,0
1362751,4,10,3,50,2,2,18,2,card,gateway_error,0.615,0
1257748,5,2,2,210,0,0,7,1,upi,gateway_error,0.535,1
4866402,2,12,0,29,2,2,9,3,card,insufficient_funds,0.475,0
1995833,4,16,0,39,0,0,10,0,wallet,user_abandoned,0.705,1
4465630,1,9,0,347,3,2,12,2,upi,insufficient_funds,0.59,1
3174136,1,11,3,100,2,1,19,6,upi,card_expired,0.5358,0
3984315,0,14,0,173,1,1,3,2,card,temporary_gateway_issue,0.725,1
2538053,2,9,2,17,2,2,10,2,card,insufficient_funds,0.2214,1
2905674,0,13,1,56,2,1,11,6,upi,temporary_gateway_issue,0.905,1
2487962,1,12,3,226,2,1,4,2,card,gateway_error,0.3381,0
1016452,1,4,1,46,3,3,9,4,netbanking,insufficient_funds,0.335,1
3626137,3,5,0,67,0,0,23,2,card,card_expired,0.5437,0
1439823,4,1,0,197,1,0,6,0,card,temporary_gateway_issue,0.645,0
170364,1,16,0,142,0,0,20,1,upi,timeout,0.95,1
3245087,5,3,2,323,0,0,8,0,wallet,card_expired,0.2162,0
926697,5,13,2,23,4,2,8,3,upi,temporary_gateway_issue,0.6878,1
4705269,0,9,3,94,3,1,9,5,upi,card_expired,0.415,1
4771946,0,2,1,242,4,2,9,4,upi,temporary_gateway_issue,0.905,1
4578578,4,2,0,237,3,2,1,4,card,temporary_gateway_issue,0.4917,1
1882285,4,14,0,54,0,0,3,3,netbanking,gateway_error,0.6472,1
126510,3,5,0,138,0,0,7,6,upi,gateway_error,0.8937,1
4645176,2,16,0,333,3,2,13,0,netbanking,card_expired,0.6361,1
2169511,0,11,2,272,0,0,16,0,netbanking,user_abandoned,0.535,0
4834941,4,19,1,41,0,0,12,3,card,gateway_error,0.7441,0
4819918,0,10,1,98,1,0,20,6,netbanking,gateway_error,0.95,1
4272396,4,3,3,183,4,0,23,5,upi,temporary_gateway_issue,0.465,0
1507522,1,5,2,128,4,0,17,2,upi,timeout,0.7267,1
1956233,0,0,0,229,4,4,17,6,netbanking,temporary_gateway_issue,0.75,1
4263126,1,19,1,317,2,0,12,2,upi,insufficient_funds,0.4875,0
1618763,0,15,1,86,1,1,7,1,upi,card_expired,0.655,1
888989,2,14,2,256,4,1,11,0,card,insufficient_funds,0.2412,0
2806166,3,16,3,209,4,1,22,0,netbanking,unknown,0.2597,0
4683966,5,7,3,215,1,1,23,3,card,temporary_gateway_issue,0.4192,0
3495347,5,11,0,100,0,0,20,3,upi,unknown,0.8156,1
2871802,5,9,3,49,4,4,0,2,upi,gateway_error,0.54,1
531023,1,14,1,201,0,0,19,6,netbanking,gateway_error,0.9317,1
3094285,4,8,3,258,4,1,17,0,upi,card_expired,0.2983,0
4950766,5,1,0,178,3,3,2,0,upi,card_expired,0.2833,1
743415,2,4,1,245,2,0,11,4,upi,user_abandoned,0.6383,0
2615731,5,5,3,123,4,2,18,1,card,temporary_gateway_issue,0.54,0
4392996,0,6,3,342,3,0,12,1,upi,checkout_abandoned,0.515,0
3716804,1,0,2,171,1,1,9,2,upi,gateway_error,0.435,0
3500227,0,6,0,333,3,3,14,5,upi,gateway_error,0.95,1
3527296,0,19,3,136,1,1,19,6,upi,temporary_gateway_issue,0.815,1
1829481,0,11,2,59,4,3,1,0,upi,card_expired,0.335,1
1503279,3,15,1,193,1,1,18,4,card,timeout,0.8967,1
4056337,3,15,2,268,3,1,2,6,card,insufficient_funds,0.05,0
4060061,4,10,2,260,2,2,13,0,upi,temporary_gateway_issue,0.685,1
4342007,1,3,3,95,0,0,6,3,upi,gateway_error,0.5775,1
4570540,2,12,3,125,0,0,7,6,upi,temporary_gateway_issue,0.615,0
2581144,2,6,3,41,2,0,10,2,upi,insufficient_funds,0.1775,0
2532505,2,3,2,254,0,0,21,6,upi,timeout,0.795,0
4001561,0,14,1,7,4,1,19,5,upi,timeout,0.95,1
3267321,3,18,0,216,4,1,5,6,upi,checkout_abandoned,0.625,0
3524736,1,8,2,69,3,1,10,6,unknown,gateway_error,0.6461,1
3989173,0,10,3,69,3,2,16,6,upi,temporary_gateway_issue,0.665,0
4455526,3,7,0,81,1,1,9,1,wallet,insufficient_funds,0.42,1
1723076,3,0,1,30,3,0,23,0,upi,timeout,0.555,0
1909135,5,7,0,73,4,0,16,5,upi,insufficient_funds,0.4792,0
515210,5,12,3,262,3,3,20,2,netbanking,checkout_abandoned,0.4621,0
2912486,1,3,2,89,0,0,1,1,upi,timeout,0.4975,0
227914,1,7,2,208,1,0,5,0,upi,gateway_error,0.5412,1
2354710,1,2,3,213,1,1,4,4,wallet,gateway_error,0.2483,0
2736090,0,8,2,322,4,0,3,2,card,card_expired,0.235,0
1468379,4,1,3,266,3,3,1,0,upi,card_expired,0.05,0
2974624,1,1,2,293,0,0,11,1,upi,gateway_error,0.61,0
200976,5,12,2,207,3,1,2,1,wallet,gateway_error,0.3821,0
234873,4,14,2,333,2,2,5,4,netbanking,insufficient_funds,0.05,0
4121872,0,11,1,77,3,2,23,2,upi,timeout,0.905,1
1832943,4,3,1,288,4,1,13,2,upi,gateway_error,0.705,1
678949,2,7,3,47,3,2,7,5,netbanking,insufficient_funds,0.0872,0
2635104,4,8,1,110,1,0,20,0,upi,temporary_gateway_issue,0.9383,1
3861468,1,4,3,200,0,0,20,5,upi,checkout_abandoned,0.595,0
1118314,0,19,0,210,4,3,13,1,card,gateway_error,0.925,1
3133307,1,17,0,154,2,1,2,1,upi,card_expired,0.5556,1
472469,5,10,1,10,0,0,15,6,card,insufficient_funds,0.2883,0
305824,2,14,0,353,0,0,14,4,netbanking,gateway_error,0.8812,1
2680205,5,8,0,157,1,0,6,4,netbanking,insufficient_funds,0.3904,1
2726143,1,16,2,261,1,0,14,2,upi,gateway_error,0.7644,1
3205278,1,11,2,77,1,0,12,5,upi,timeout,0.7558,0
3644152,1,6,3,257,4,3,5,1,upi,insufficient_funds,0.05,0
4880467,3,9,0,131,3,2,14,6,upi,gateway_error,0.9375,1
2605686,2,9,3,67,0,0,16,0,upi,gateway_error,0.6014,0
1648634,1,12,3,228,3,2,3,6,upi,card_expired,0.1881,1
3986171,1,18,0,163,3,1,21,3,upi,temporary_gateway_issue,0.95,1
1390619,5,10,1,15,1,0,21,0,upi,insufficient_funds,0.5383,1
2222908,5,12,0,232,3,2,13,4,upi,temporary_gateway_issue,0.9221,1
438359,1,7,2,195,0,0,14,0,card,checkout_abandoned,0.4912,1
175486,0,7,0,349,0,0,11,1,card,insufficient_funds,0.525,1
4815109,3,3,1,30,2,0,18,5,upi,timeout,0.88,1
4188101,5,14,3,359,4,4,21,6,card,gateway_error,0.6229,1
3495072,0,10,3,338,3,3,9,2,card,gateway_error,0.565,1
2074317,3,10,2,331,4,0,5,5,upi,temporary_gateway_issue,0.5042,1
907806,1,0,2,316,4,1,8,3,upi,temporary_gateway_issue,0.435,0
824363,2,16,2,296,4,0,1,2,card,timeout,0.4461,0
1288702,4,14,3,330,4,2,3,3,upi,insufficient_funds,0.05,0
2768671,4,19,2,220,0,0,8,3,upi,temporary_gateway_issue,0.7241,1
3587249,1,5,0,147,3,3,14,1,unknown,timeout,0.8667,0
3317977,5,14,3,259,2,2,12,1,upi,gateway_error,0.5729,1
1435672,0,8,1,292,4,4,19,4,card,gateway_error,0.95,1
4776583,2,13,3,299,2,1,7,4,upi,user_abandoned,0.4683,1
3702589,3,17,0,143,0,0,18,3,upi,insufficient_funds,0.7225,0
2794052,1,16,0,235,0,0,18,5,upi,timeout,0.95,1
3078017,2,17,2,115,1,0,15,4,card,temporary_gateway_issue,0.6482,1
2127020,2,4,3,90,4,0,10,1,upi,temporary_gateway_issue,0.5483,1
1276268,5,19,3,208,1,0,9,4,upi,gateway_error,0.5921,0
1812064,3,19,3,164,2,0,7,3,wallet,user_abandoned,0.3673,1
3801338,2,8,1,84,3,3,0,6,upi,insufficient_funds,0.435,0
121247,5,10,2,77,1,1,9,2,upi,gateway_error,0.6683,1
624559,0,0,0,161,0,0,17,5,upi,user_abandoned,0.7,1
277713,5,17,0,5,4,1,2,5,card,insufficient_funds,0.2455,1
251607,0,5,2,78,2,1,10,0,upi,card_expired,0.535,0
4284529,0,1,0,91,0,0,17,4,upi,gateway_error,0.95,1
3533106,2,14,0,87,3,3,2,5,upi,gateway_error,0.7812,1
2397160,5,13,2,270,4,0,7,6,upi,gateway_error,0.6878,1
534279,0,4,0,104,3,0,13,6,card,gateway_error,0.925,0
2483498,3,5,3,339,3,0,5,1,card,card_expired,0.05,0
2393685,2,5,1,175,4,4,14,2,upi,card_expired,0.555,1
907349,5,17,2,54,4,2,13,1,upi,timeout,0.7055,1
2197565,5,13,1,211,3,2,6,4,upi,user_abandoned,0.6578,1
2022598,4,9,0,95,2,0,9,3,card,gateway_error,0.8173,1
3098457,5,13,0,223,4,2,14,6,upi,checkout_abandoned,0.7778,1
3193713,2,12,3,9,0,0,9,6,upi,checkout_abandoned,0.465,1
274254,3,2,2,53,1,0,21,0,unknown,insufficient_funds,0.225,0
1904332,5,5,0,77,2,1,16,0,upi,gateway_error,0.85,1
3148006,4,7,2,206,4,3,18,6,unknown,card_expired,0.4577,0
2540524,2,11,2,316,4,4,16,2,upi,temporary_gateway_issue,0.7312,0
4289624,0,12,2,302,2,2,11,5,upi,card_expired,0.535,0
3310533,1,10,2,310,1,0,14,5,upi,gateway_error,0.7532,1
856525,1,11,2,330,3,0,11,6,upi,insufficient_funds,0.3558,0
399315,0,0,1,112,0,0,8,5,upi,insufficient_funds,0.33,0
3229975,5,16,3,351,4,1,4,0,upi,gateway_error,0.3817,0
181230,1,15,2,165,1,0,3,3,wallet,temporary_gateway_issue,0.4631,0
2949589,1,10,1,279,0,0,11,5,upi,gateway_error,0.8732,1
4704139,0,12,0,27,2,1,15,1,card,insufficient_funds,0.525,1
2898597,5,17,2,70,4,2,8,6,card,user_abandoned,0.4555,0
1971441,5,10,0,218,3,3,2,5,card,temporary_gateway_issue,0.6083,0
3234276,0,11,2,189,2,1,20,3,card,card_expired,0.585,1
2318351,5,5,1,333,4,1,2,6,upi,gateway_error,0.53,0
2750803,5,8,1,306,1,0,17,2,upi,timeout,0.7704,0
4710250,2,15,1,124,0,0,16,2,upi,checkout_abandoned,0.7138,1
1961208,2,3,3,19,0,0,9,0,upi,temporary_gateway_issue,0.525,1
4807893,0,2,0,257,4,0,1,3,upi,checkout_abandoned,0.675,1
4531485,3,15,3,296,2,0,23,1,upi,insufficient_funds,0.2067,0
1019166,1,11,2,22,3,3,10,3,wallet,temporary_gateway_issue,0.6558,0
393338,2,10,0,40,1,0,23,1,wallet,user_abandoned,0.7167,1
548851,1,4,1,38,4,3,2,1,upi,gateway_error,0.635,0
140198,4,17,0,48,1,0,22,3,upi,gateway_error,0.95,1
517492,0,18,1,183,0,0,22,6,upi,insufficient_funds,0.505,1
3430883,3,5,3,75,3,0,1,4,upi,card_expired,0.0837,0
402383,4,17,3,209,1,1,8,3,upi,card_expired,0.3483,0
1628929,4,5,1,183,4,3,18,6,wallet,gateway_error,0.7994,1
4232132,5,3,1,107,3,3,1,1,upi,unknown,0.2362,0
165196,4,11,2,188,2,0,18,6,upi,card_expired,0.5917,1
4081618,0,18,3,264,4,4,1,6,upi,checkout_abandoned,0.315,0
1445181,2,1,3,86,1,1,14,5,unknown,temporary_gateway_issue,0.3317,1
634915,0,16,2,324,3,0,23,2,wallet,timeout,0.685,1
3498848,2,10,3,331,4,0,20,2,card,user_abandoned,0.5067,1
3163267,4,10,1,137,3,0,2,0,upi,temporary_gateway_issue,0.605,0
4393486,4,15,0,346,3,1,4,2,upi,unknown,0.5013,1
3688601,3,1,0,336,3,3,10,4,upi,temporary_gateway_issue,0.7625,0
4027230,2,1,3,95,1,0,23,1,upi,temporary_gateway_issue,0.4317,0
1446071,4,7,2,326,4,1,6,3,netbanking,checkout_abandoned,0.4077,0
928325,5,12,1,245,0,0,5,3,upi,unknown,0.3521,0
3765543,1,9,0,90,0,0,13,4,upi,temporary_gateway_issue,0.95,1
4043831,3,7,1,59,1,1,0,2,card,gateway_error,0.7,1
4953000,0,3,3,28,1,1,16,1,upi,card_expired,0.415,1
2092457,3,14,3,72,3,1,16,2,card,checkout_abandoned,0.3532,0
1891489,1,0,0,270,4,4,13,6,upi,timeout,0.675,1
3893244,2,10,3,24,4,2,9,0,upi,timeout,0.6067,0
1736977,0,6,2,112,2,1,7,2,upi,card_expired,0.535,0
4657248,0,16,3,300,2,2,7,0,wallet,gateway_error,0.565,1
4299143,2,19,3,56,0,0,13,3,upi,unknown,0.3817,1
2173520,3,17,3,223,2,0,6,1,upi,temporary_gateway_issue,0.6125,0
3766811,4,11,1,120,2,1,5,5,upi,timeout,0.6117,1
3784987,3,8,1,179,0,0,3,6,card,insufficient_funds,0.1095,0
560463,1,4,0,288,0,0,0,0,netbanking,insufficient_funds,0.455,1
4517636,5,9,0,281,2,2,14,2,upi,card_expired,0.65,1
2550999,4,3,0,189,4,2,14,6,upi,unknown,0.575,1
4140964,3,4,3,66,2,0,0,2,wallet,timeout,0.415,1
1634245,5,9,1,298,3,1,19,6,card,card_expired,0.58,1
4482839,5,10,2,249,3,3,2,3,card,gateway_error,0.3683,1
1976548,2,9,3,76,3,3,22,4,upi,user_abandoned,0.4514,1
103646,1,7,3,137,1,0,4,6,upi,temporary_gateway_issue,0.4212,0
4531640,1,1,3,164,3,0,4,5,card,gateway_error,0.19,0
501869,1,7,2,233,4,0,3,4,card,gateway_error,0.4412,1
1630602,4,15,0,255,1,1,16,2,card,timeout,0.8513,1
4752806,0,4,2,294,1,0,20,4,upi,unknown,0.685,1
4755505,4,2,0,170,3,2,19,6,card,timeout,0.8417,1
2888517,3,11,2,317,2,0,13,5,netbanking,temporary_gateway_issue,0.61,1
3177594,5,12,1,174,0,0,7,5,wallet,gateway_error,0.7021,1
2269805,5,12,3,345,2,1,1,1,upi,insufficient_funds,0.05,0
1501393,0,9,3,18,2,0,7,4,card,gateway_error,0.565,1
1676889,3,3,3,70,1,1,0,1,card,temporary_gateway_issue,0.39,1
3378966,0,8,0,338,1,1,3,2,netbanking,timeout,0.725,1
3774253,5,1,2,116,1,0,18,2,netbanking,unknown,0.2933,0
3968316,4,18,1,80,4,0,4,2,wallet,insufficient_funds,0.1414,0
3958609,1,0,2,15,4,4,4,3,wallet,gateway_error,0.135,0
501470,5,6,3,176,0,0,20,4,upi,user_abandoned,0.5059,0
2497380,2,16,1,269,1,1,19,0,card,card_expired,0.6661,1
334915,1,2,1,119,3,3,23,5,card,user_abandoned,0.5383,0
2770167,5,19,3,299,1,1,18,0,upi,gateway_error,0.7421,1
2235575,4,19,2,188,4,3,11,2,upi,insufficient_funds,0.3241,0
4444135,0,2,3,57,1,1,19,6,upi,unknown,0.565,1
1787029,1,2,2,199,4,3,0,6,netbanking,gateway_error,0.5683,1
629481,4,16,1,17,1,1,6,4,upi,timeout,0.835,1
757808,3,6,1,288,3,1,16,6,netbanking,gateway_error,0.6883,0
3819477,2,13,3,55,0,0,1,1,card,insufficient_funds,0.05,0
3110179,1,16,1,269,3,3,10,0,card,user_abandoned,0.6344,0
550557,0,17,0,303,4,1,6,6,upi,insufficient_funds,0.625,0
466328,3,12,1,87,2,0,16,2,upi,user_abandoned,0.685,1
3519797,4,19,0,318,3,2,2,0,upi,insufficient_funds,0.3641,0
410176,2,19,1,29,1,0,21,0,upi,unknown,0.7717,1
4118207,0,17,3,22,0,0,5,5,netbanking,insufficient_funds,0.05,0
3545899,4,3,3,321,1,1,21,0,card,gateway_error,0.515,0
452676,4,0,0,285,1,0,10,2,upi,insufficient_funds,0.275,0
469946,1,17,3,48,3,3,17,5,netbanking,card_expired,0.2956,0
4933865,1,0,1,5,0,0,17,2,upi,user_abandoned,0.405,0
1902640,0,12,1,250,2,0,21,3,upi,insufficient_funds,0.655,1
1884678,5,19,3,163,1,1,9,6,card,insufficient_funds,0.0921,1
4073357,5,19,1,202,0,0,4,3,upi,user_abandoned,0.4821,0
4738880,4,9,2,101,2,0,22,6,card,user_abandoned,0.4273,0
4930705,1,10,2,71,1,1,22,3,card,timeout,0.6532,1
3779222,2,8,1,163,0,0,20,0,card,user_abandoned,0.735,1
1912484,2,8,3,173,3,1,23,4,upi,insufficient_funds,0.195,0
463328,4,4,0,141,1,0,21,2,upi,gateway_error,0.95,1
3896877,1,0,3,138,1,0,14,3,upi,gateway_error,0.315,1
2814101,0,16,0,66,0,0,20,4,wallet,unknown,0.825,1
2149898,0,1,3,198,1,0,19,3,upi,gateway_error,0.815,0
4536454,0,12,1,328,2,2,22,6,upi,insufficient_funds,0.505,0
600427,2,8,2,228,1,0,3,3,netbanking,checkout_abandoned,0.265,0
2488494,1,3,3,281,4,1,20,4,netbanking,gateway_error,0.6275,1
106200,1,4,0,172,2,1,20,3,netbanking,user_abandoned,0.855,1
2369870,2,10,2,316,0,0,0,0,wallet,user_abandoned,0.4767,1
328701,0,18,0,40,2,2,14,0,upi,unknown,0.775,0
638148,0,2,1,7,4,1,16,5,upi,temporary_gateway_issue,0.905,1
631754,4,11,2,174,4,3,18,0,upi,temporary_gateway_issue,0.8417,1
3263590,5,18,0,151,1,0,13,1,upi,checkout_abandoned,0.7989,0
3742922,3,18,3,211,1,1,18,5,card,gateway_error,0.665,1
2937675,5,12,1,302,3,0,17,3,upi,insufficient_funds,0.4021,0
4812754,1,6,1,86,2,0,1,1,card,card_expired,0.305,0
1905609,1,14,1,253,3,2,5,2,upi,temporary_gateway_issue,0.6817,1
1464274,1,6,3,21,4,3,12,4,upi,checkout_abandoned,0.465,1
4349565,5,7,3,257,1,0,16,2,card,timeout,0.4192,0
1156799,3,4,2,33,1,1,5,1,upi,gateway_error,0.435,0
4817951,4,13,3,260,1,1,20,0,card,gateway_error,0.6326,1
110164,5,3,2,234,0,0,21,6,unknown,gateway_error,0.6163,1
4850900,3,9,1,3,4,4,4,3,netbanking,gateway_error,0.5175,0
263641,0,19,2,347,1,0,6,5,upi,card_expired,0.535,1
4461158,0,14,0,308,4,3,0,6,wallet,gateway_error,0.925,1
2662120,1,17,1,227,1,1,12,6,upi,temporary_gateway_issue,0.8856,1
4965175,2,19,1,284,2,0,18,3,card,checkout_abandoned,0.7717,0
415292,1,12,2,70,4,3,21,0,upi,insufficient_funds,0.5081,0
2791578,2,7,1,313,3,0,0,3,upi,temporary_gateway_issue,0.8272,1
4848047,3,8,3,364,0,0,12,4,unknown,unknown,0.2195,0
2639334,0,15,0,254,3,2,10,6,upi,gateway_error,0.95,1
3165523,5,18,2,144,4,3,6,4,netbanking,checkout_abandoned,0.4589,1
3493956,2,15,2,24,1,1,19,4,upi,card_expired,0.6438,1
2299978,3,6,1,234,4,4,2,2,netbanking,card_expired,0.2383,0
3156412,0,13,3,333,0,0,0,0,wallet,card_expired,0.315,0
2942355,5,13,1,175,4,2,7,4,upi,insufficient_funds,0.4078,1
4510732,2,3,1,332,1,1,16,1,card,user_abandoned,0.515,0
274959,1,14,2,325,3,2,12,4,card,user_abandoned,0.5117,1
1440767,1,2,1,357,2,2,13,5,wallet,temporary_gateway_issue,0.6883,0
4754536,1,4,0,159,3,1,4,2,upi,insufficient_funds,0.355,1
4456805,3,0,1,348,1,1,23,1,card,user_abandoned,0.305,0
2305500,1,2,1,348,1,0,21,6,upi,insufficient_funds,0.5383,0
3119656,4,14,2,286,0,0,22,0,upi,user_abandoned,0.5572,1
1423036,0,7,1,18,4,1,23,0,upi,timeout,0.905,1
981199,3,3,3,44,4,4,5,5,card,insufficient_funds,0.05,0
2345307,5,1,2,155,3,3,21,6,netbanking,gateway_error,0.5433,0
1799093,1,9,1,355,2,0,5,4,upi,temporary_gateway_issue,0.67,0
2939097,0,3,0,231,2,1,20,1,card,insufficient_funds,0.675,1
434786,2,2,0,316,0,0,7,5,card,insufficient_funds,0.35,1
4873254,1,1,2,225,1,0,12,1,upi,timeout,0.61,0
4931743,0,16,2,217,0,0,17,4,wallet,card_expired,0.435,1
3505900,4,19,1,56,4,4,22,6,upi,timeout,0.8441,1
2703677,2,12,3,31,1,0,3,4,upi,user_abandoned,0.265,0
1582161,4,4,1,357,0,0,16,3,upi,temporary_gateway_issue,0.73,0
4078285,5,8,0,59,3,0,4,3,netbanking,timeout,0.5904,0
3439419,0,5,3,353,4,1,2,4,unknown,gateway_error,0.365,1
854953,4,4,3,235,2,0,3,2,upi,insufficient_funds,0.05,0
4559089,5,9,3,107,0,0,22,5,upi,temporary_gateway_issue,0.54,1
4121559,0,7,1,191,4,2,4,3,upi,temporary_gateway_issue,0.705,1
4751509,0,6,0,18,4,1,13,4,card,temporary_gateway_issue,0.925,1
3642311,4,6,2,226,2,0,14,1,card,gateway_error,0.545,0
3086405,0,5,1,167,2,1,19,5,wallet,insufficient_funds,0.555,1
2120303,1,19,2,71,2,0,16,6,netbanking,unknown,0.4175,0
4667005,0,2,3,362,0,0,5,3,netbanking,temporary_gateway_issue,0.365,1
4337016,3,18,3,54,2,2,9,6,card,card_expired,0.265,1
273832,5,14,1,245,3,0,21,2,upi,insufficient_funds,0.5629,1
180516,0,3,0,350,4,1,22,5,card,temporary_gateway_issue,0.925,1
1913493,3,11,3,76,2,1,15,5,upi,gateway_error,0.59,0
4062238,0,5,2,35,4,4,16,0,upi,gateway_error,0.785,1
4937016,0,18,2,267,1,0,13,1,upi,card_expired,0.535,1
794563,4,3,1,317,1,0,19,2,card,temporary_gateway_issue,0.755,1
2990947,1,14,2,300,2,2,11,2,card,gateway_error,0.6617,1
1935409,5,8,0,121,4,3,8,6,card,temporary_gateway_issue,0.7904,1
4851076,1,4,3,324,1,1,14,2,upi,insufficient_funds,0.195,0
4218488,2,12,2,25,2,2,11,1,card,card_expired,0.385,0
4199727,4,17,2,160,4,3,13,2,upi,temporary_gateway_issue,0.7183,1
2370031,4,4,3,84,2,2,21,0,card,insufficient_funds,0.14,0
2103356,1,15,1,114,4,1,17,3,upi,insufficient_funds,0.4831,1
1403365,4,18,2,223,1,1,19,1,netbanking,gateway_error,0.7714,1
329058,1,13,1,166,2,1,5,2,netbanking,temporary_gateway_issue,0.58,0
4330375,4,15,1,191,1,0,3,4,card,insufficient_funds,0.1313,0
4073859,0,14,2,175,2,1,22,3,card,insufficient_funds,0.285,0
4998602,1,3,0,1,0,0,11,6,card,card_expired,0.5875,0
4983352,1,6,1,229,1,0,12,5,upi,timeout,0.855,1
2799386,3,15,2,86,1,0,18,1,card,temporary_gateway_issue,0.7767,1
3856487,4,7,1,62,3,2,21,4,upi,temporary_gateway_issue,0.9277,0
4726590,4,16,3,320,1,0,12,5,upi,insufficient_funds,0.195,0
4255754,1,15,0,206,4,2,11,4,upi,card_expired,0.7531,1
1274373,0,9,0,105,2,2,19,2,wallet,gateway_error,0.95,1
2280193,0,9,3,318,0,0,2,1,upi,checkout_abandoned,0.315,0
689339,5,1,3,291,4,1,2,6,upi,insufficient_funds,0.05,0
4772552,0,8,1,250,4,1,13,2,wallet,temporary_gateway_issue,0.805,1
3050564,4,16,3,13,4,2,17,5,netbanking,timeout,0.495,0
1181781,3,10,0,163,4,4,18,6,upi,gateway_error,0.95,1
3374918,1,9,3,43,0,0,9,0,wallet,insufficient_funds,0.13,0
3109734,2,16,2,111,3,3,16,4,upi,insufficient_funds,0.3461,1
1822905,3,3,2,205,1,1,14,0,card,gateway_error,0.51,1
612110,2,15,1,256,4,3,18,5,card,user_abandoned,0.7638,1
3374287,3,19,0,307,1,0,8,2,card,card_expired,0.6273,1
2625523,0,14,2,144,1,0,3,6,card,gateway_error,0.485,1
3872976,4,4,3,146,4,3,14,6,upi,temporary_gateway_issue,0.49,1
2624809,2,5,2,301,3,0,18,6,upi,gateway_error,0.835,1
4268298,3,16,2,164,1,0,15,3,card,user_abandoned,0.4797,0
2781938,4,0,1,169,2,0,7,4,upi,temporary_gateway_issue,0.555,1
2826642,2,18,3,298,1,0,16,3,wallet,insufficient_funds,0.13,0
4389435,1,3,3,233,4,1,20,1,upi,temporary_gateway_issue,0.7275,1
2047240,3,16,3,271,0,0,0,4,upi,temporary_gateway_issue,0.6097,1
713375,1,8,1,60,1,1,6,0,card,card_expired,0.5161,0
192474,0,1,3,296,3,2,20,3,upi,card_expired,0.565,1
3787929,1,7,3,235,2,0,17,5,upi,insufficient_funds,0.2212,0
3120532,1,14,2,165,2,2,11,1,upi,timeout,0.7617,1
3535194,5,6,2,194,0,0,15,4,wallet,insufficient_funds,0.1259,0
1104172,3,5,3,234,0,0,0,6,upi,gateway_error,0.5337,1
725038,0,0,0,183,1,1,14,5,upi,gateway_error,0.85,1
121996,1,14,0,333,4,1,6,1,upi,temporary_gateway_issue,0.95,1
1785408,4,6,3,232,3,0,16,0,upi,card_expired,0.275,1
2970092,2,16,0,361,2,1,2,6,upi,checkout_abandoned,0.6361,1
1991608,1,1,1,107,0,0,10,5,netbanking,gateway_error,0.63,1
2215500,0,8,2,223,3,1,5,4,wallet,temporary_gateway_issue,0.485,0
4525585,1,8,1,80,4,2,5,1,upi,gateway_error,0.6661,1
1773864,2,12,2,234,2,2,14,2,card,user_abandoned,0.485,0
2594247,0,5,0,184,2,0,6,4,wallet,user_abandoned,0.775,1
3929082,3,5,0,185,4,0,10,4,upi,gateway_error,0.8937,1
2012886,0,19,3,134,2,1,16,6,upi,card_expired,0.415,1
3129329,3,19,0,220,4,3,22,4,wallet,card_expired,0.6273,1
4318700,0,2,0,288,2,1,17,6,card,gateway_error,0.925,1
4750127,2,16,3,364,1,1,21,4,upi,insufficient_funds,0.3761,0
778013,2,16,3,202,4,4,23,2,upi,timeout,0.6261,0
4636608,0,11,2,146,3,1,20,5,upi,gateway_error,0.935,1
2485975,1,15,0,324,1,0,18,5,upi,insufficient_funds,0.7531,1
1328309,2,14,2,127,3,3,7,5,netbanking,gateway_error,0.6412,1
2322721,3,12,2,135,2,2,23,0,card,insufficient_funds,0.215,0
4901161,3,0,1,114,3,1,19,2,card,user_abandoned,0.455,0
2488459,4,16,0,264,1,1,7,2,upi,insufficient_funds,0.555,1
1677320,5,2,0,64,4,3,20,1,upi,gateway_error,0.925,1
3185334,5,14,1,135,0,0,10,3,upi,gateway_error,0.8129,1
1238720,5,3,2,41,3,3,20,5,netbanking,timeout,0.6163,1
425523,3,3,0,296,0,0,2,3,card,temporary_gateway_issue,0.55,1
687954,4,17,2,3,3,1,22,1,upi,insufficient_funds,0.3183,0
683826,5,16,1,194,3,2,13,2,upi,gateway_error,0.8217,1
801918,5,18,3,110,4,3,8,1,netbanking,card_expired,0.2389,0
737194,0,10,2,221,2,2,0,4,card,user_abandoned,0.535,0
3222329,0,19,0,4,1,1,0,1,upi,user_abandoned,0.875,1
950306,0,2,3,244,1,0,11,1,upi,temporary_gateway_issue,0.665,1
1761053,1,7,2,166,1,1,10,6,upi,timeout,0.7412,1
4489102,5,13,2,26,2,2,20,4,netbanking,temporary_gateway_issue,0.7378,1
2396110,1,0,3,17,0,0,0,6,card,card_expired,0.05,0
3354410,4,13,3,216,1,1,19,3,card,gateway_error,0.6326,1
902983,3,1,3,92,0,0,11,4,netbanking,card_expired,0.0525,0
1001830,5,3,0,31,2,1,16,0,unknown,insufficient_funds,0.3063,0
252299,3,18,0,205,2,2,14,1,upi,user_abandoned,0.825,0
886228,0,5,2,207,4,3,1,1,upi,card_expired,0.335,0
1429022,5,0,2,107,1,0,17,6,upi,temporary_gateway_issue,0.435,0
926201,2,16,1,146,4,3,15,3,upi,checkout_abandoned,0.7161,1
489077,1,7,0,101,1,1,3,6,netbanking,temporary_gateway_issue,0.6812,0
647147,1,18,2,318,2,0,7,2,netbanking,unknown,0.4166,1
2330854,5,0,3,241,2,0,1,4,card,card_expired,0.05,0
1071351,0,4,3,247,3,2,13,2,upi,unknown,0.415,0
1853135,1,15,0,163,3,3,14,0,upi,gateway_error,0.95,1
2541915,0,5,3,173,2,1,8,4,upi,temporary_gateway_issue,0.665,0
3467454,4,7,1,35,2,1,1,0,netbanking,card_expired,0.2277,0
244595,3,12,2,284,0,0,16,0,upi,checkout_abandoned,0.565,0
4007081,2,15,2,359,0,0,9,0,upi,gateway_error,0.7438,1
3158106,3,2,2,358,4,0,8,5,upi,gateway_error,0.575,0
454707,3,18,0,21,3,2,1,4,unknown,temporary_gateway_issue,0.675,0
4374214,4,11,3,308,3,3,23,4,card,user_abandoned,0.3217,0
4608318,1,15,1,163,2,2,18,5,wallet,card_expired,0.6831,0
352335,2,10,0,97,2,2,16,3,netbanking,temporary_gateway_issue,0.8667,1
1420544,1,9,2,307,4,0,10,5,card,gateway_error,0.65,1
4040696,5,19,1,339,3,0,16,1,upi,insufficient_funds,0.4321,0
3753885,3,3,2,55,0,0,9,2,upi,gateway_error,0.61,1
963379,5,11,2,333,1,1,17,2,card,card_expired,0.3256,0
1086279,0,1,0,127,4,0,22,0,netbanking,insufficient_funds,0.525,1
1883836,3,18,2,193,1,0,5,4,upi,timeout,0.535,1
2448388,1,4,1,243,0,0,15,4,upi,user_abandoned,0.685,1
3110361,3,7,2,349,0,0,17,0,card,insufficient_funds,0.18,0
1876122,0,6,3,88,1,0,19,1,upi,temporary_gateway_issue,0.815,1
2339546,4,13,2,336,4,1,17,2,card,card_expired,0.3526,1
3749981,5,2,0,215,1,0,0,5,upi,temporary_gateway_issue,0.775,1
231581,5,17,1,92,4,4,2,3,upi,user_abandoned,0.4755,0
1299562,1,15,0,303,4,3,14,6,upi,gateway_error,0.95,1
3581080,3,18,3,235,2,2,19,1,card,user_abandoned,0.515,1
4481273,1,18,2,184,3,0,9,4,card,gateway_error,0.6666,1
2582803,4,17,0,38,3,0,20,6,upi,gateway_error,0.95,1
2683961,3,19,0,139,0,0,4,0,netbanking,temporary_gateway_issue,0.6773,1
580501,3,15,0,195,2,0,14,2,upi,unknown,0.7167,0
2264691,1,7,0,15,3,2,22,6,upi,unknown,0.7312,1
2686455,1,0,3,257,4,4,13,0,card,gateway_error,0.215,0
1250228,0,16,3,135,4,1,14,4,upi,gateway_error,0.665,1
1382753,4,11,2,1,1,0,9,0,card,temporary_gateway_issue,0.5917,0
1917556,0,10,2,49,1,1,23,5,wallet,temporary_gateway_issue,0.685,1
149352,5,4,1,96,4,3,8,6,card,card_expired,0.3606,0
1644291,3,11,3,201,4,2,11,6,card,insufficient_funds,0.09,0
1096667,1,16,0,26,1,0,6,2,card,card_expired,0.6544,1
1671111,3,5,0,343,3,1,4,0,upi,card_expired,0.4437,0
642822,3,0,1,235,0,0,23,2,upi,insufficient_funds,0.155,1
4458110,2,4,0,349,1,0,9,6,upi,user_abandoned,0.7583,1
2988282,5,13,1,244,3,0,7,0,wallet,gateway_error,0.7078,1
3411556,2,4,2,358,3,3,21,0,upi,gateway_error,0.8183,1
3956397,3,0,3,327,3,2,19,2,upi,card_expired,0.215,1
2517288,1,17,1,351,2,2,15,5,wallet,gateway_error,0.7856,1
480255,3,15,0,51,2,2,11,0,netbanking,gateway_error,0.8667,1
2708677,5,8,1,81,3,0,8,5,wallet,checkout_abandoned,0.5204,1
2954863,2,18,2,36,4,1,9,1,card,timeout,0.65,1
3739925,1,4,0,67,2,2,15,3,upi,insufficient_funds,0.555,0
2186714,3,1,2,129,1,0,9,1,netbanking,card_expired,0.1725,0
681522,4,14,2,155,2,0,8,3,upi,temporary_gateway_issue,0.7072,0
1454690,5,6,1,245,4,2,2,1,upi,unknown,0.2959,0
1847257,5,3,2,111,0,0,18,3,card,gateway_error,0.6163,1
3247290,4,0,0,168,2,2,10,0,card,timeout,0.575,1
2875352,3,12,2,142,3,3,5,2,netbanking,card_expired,0.165,0
1812678,5,19,2,356,3,2,5,2,wallet,insufficient_funds,0.05,0
4933250,1,6,1,197,3,1,14,4,netbanking,card_expired,0.505,0
3048585,3,14,2,109,0,0,14,3,upi,checkout_abandoned,0.5732,0
1224272,3,13,3,79,4,2,12,4,card,card_expired,0.2494,0
553823,2,18,1,161,1,1,21,5,netbanking,temporary_gateway_issue,0.92,1
806652,5,19,1,19,4,0,4,5,unknown,insufficient_funds,0.1321,0
1267490,5,17,0,127,0,0,13,4,upi,checkout_abandoned,0.7955,1
845372,4,9,0,205,3,0,20,3,upi,insufficient_funds,0.6673,1
973506,2,8,0,29,4,1,1,2,netbanking,timeout,0.655,1
1461221,2,7,0,207,1,1,22,3,upi,insufficient_funds,0.5472,1
908199,5,9,3,280,3,3,11,5,card,gateway_error,0.44,0
4488988,3,16,1,151,1,1,19,0,upi,gateway_error,0.95,1
447157,2,1,2,240,2,1,13,4,upi,unknown,0.3017,0
2646331,4,5,0,266,1,0,18,4,card,timeout,0.9194,1
2081464,2,4,0,182,3,3,23,5,upi,gateway_error,0.9083,1
4912774,4,8,0,105,2,1,19,3,card,user_abandoned,0.8083,1
604592,2,4,2,236,3,1,14,4,upi,insufficient_funds,0.2683,0
2019385,4,17,0,173,3,1,19,2,upi,card_expired,0.8583,1
4848878,2,19,2,158,2,2,23,4,upi,gateway_error,0.7517,1
4334260,2,8,1,172,1,0,16,3,card,checkout_abandoned,0.585,0
4094506,1,16,1,311,0,0,13,5,upi,insufficient_funds,0.4844,1
1326618,4,16,1,157,0,0,22,2,card,card_expired,0.485,0
895893,4,11,3,258,0,0,17,2,card,gateway_error,0.4717,0
3359783,4,6,2,164,0,0,21,4,card,temporary_gateway_issue,0.695,1
4650411,0,2,0,147,4,4,23,3,card,temporary_gateway_issue,0.925,1
2805976,2,9,0,154,0,0,4,4,upi,checkout_abandoned,0.6114,1
2879482,4,1,0,38,2,2,21,6,upi,gateway_error,0.895,1
1435896,5,2,0,131,0,0,11,0,card,card_expired,0.425,0
3858990,0,15,3,358,3,1,9,5,upi,gateway_error,0.665,1
975866,1,1,0,255,0,0,7,6,netbanking,gateway_error,0.75,1
1652212,4,9,3,208,1,0,5,0,netbanking,temporary_gateway_issue,0.2573,0
2155910,4,5,2,95,2,2,14,2,upi,card_expired,0.3794,0
2562671,0,10,1,348,2,1,11,4,card,card_expired,0.555,1
1249928,2,6,0,327,4,4,5,0,wallet,unknown,0.3875,1
618442,5,14,1,171,3,3,11,1,upi,checkout_abandoned,0.6629,1
3072569,1,5,2,250,2,2,14,0,card,gateway_error,0.6267,1
1478721,4,19,2,190,1,1,11,4,upi,user_abandoned,0.5741,1
2927129,2,8,0,199,0,0,8,4,card,insufficient_funds,0.455,0
814095,5,19,2,221,2,0,18,5,netbanking,user_abandoned,0.6121,1
2431643,5,11,1,24,1,0,20,0,card,gateway_error,0.8456,1
2686317,1,18,0,244,0,0,1,4,card,user_abandoned,0.5566,0
306526,3,19,3,324,4,4,12,4,wallet,gateway_error,0.5173,1
1716191,5,2,0,128,2,1,12,6,card,temporary_gateway_issue,0.675,1
715352,3,14,1,93,2,2,7,5,card,gateway_error,0.7432,1
363706,5,1,0,300,1,0,12,6,card,gateway_error,0.6333,0
4950303,1,1,0,133,3,0,3,5,card,insufficient_funds,0.15,0
1645651,0,2,1,55,4,3,5,5,netbanking,user_abandoned,0.455,0
4058878,1,5,0,158,3,3,5,6,wallet,card_expired,0.4167,1
1310471,1,14,0,29,2,2,20,5,netbanking,gateway_error,0.95,1
3423438,0,9,1,211,3,1,11,1,card,gateway_error,0.805,1
3813127,0,8,2,154,0,0,11,2,upi,temporary_gateway_issue,0.785,1
2998411,2,0,1,293,4,1,16,4,netbanking,user_abandoned,0.305,0
2384302,5,15,0,222,3,0,6,3,card,gateway_error,0.8375,1
2088612,2,5,3,115,0,0,14,5,netbanking,insufficient_funds,0.065,0
1776897,0,8,3,158,1,1,23,2,upi,gateway_error,0.665,1
4651169,3,3,1,259,3,2,16,5,wallet,insufficient_funds,0.23,0
4161566,3,1,3,251,4,4,9,2,upi,gateway_error,0.4025,1
4826883,1,3,0,122,0,0,22,3,upi,gateway_error,0.9375,1
665271,4,0,0,299,3,3,19,0,card,gateway_error,0.725,1
3667794,1,18,1,263,1,0,5,1,card,temporary_gateway_issue,0.5866,1
4694785,1,9,0,49,3,3,8,4,upi,temporary_gateway_issue,0.95,1
947103,4,14,2,329,0,0,14,0,card,timeout,0.6072,1
379156,5,18,0,297,3,0,15,6,upi,gateway_error,0.9489,1
3718547,0,15,1,362,4,2,20,3,upi,gateway_error,0.95,1
2893641,3,3,2,77,2,2,7,1,upi,gateway_error,0.61,1
4217052,1,1,2,127,0,0,15,1,netbanking,user_abandoned,0.36,1
741873,4,12,3,197,0,0,4,1,upi,timeout,0.3775,1
3986573,2,0,0,221,0,0,17,3,upi,card_expired,0.425,0
1048055,1,16,1,91,0,0,19,5,card,temporary_gateway_issue,0.9344,1
860096,3,12,3,8,3,1,13,5,upi,gateway_error,0.595,0
863115,0,3,3,32,4,2,1,6,netbanking,gateway_error,0.365,1
4082144,1,6,0,320,1,0,22,5,netbanking,insufficient_funds,0.475,0
3342726,1,16,0,269,4,3,22,0,netbanking,insufficient_funds,0.5044,0
2639173,5,8,1,191,0,0,2,4,upi,user_abandoned,0.4204,0
1826210,4,3,3,349,3,2,13,1,card,user_abandoned,0.215,0
4392142,2,18,1,163,3,0,6,6,card,insufficient_funds,0.37,0
1992603,2,0,3,61,0,0,14,6,upi,insufficient_funds,0.05,0
4092167,0,9,3,264,3,0,16,1,upi,gateway_error,0.665,0
2223717,3,3,3,285,0,0,0,0,upi,temporary_gateway_issue,0.49,1
1915874,0,8,0,95,4,2,8,5,upi,checkout_abandoned,0.875,1
2340264,1,12,3,41,2,1,21,1,wallet,gateway_error,0.6881,0
1541820,1,13,3,149,3,2,13,1,netbanking,unknown,0.29,0
3750666,2,9,3,204,0,0,15,3,upi,insufficient_funds,0.2014,0
2538465,3,5,2,267,0,0,20,2,upi,insufficient_funds,0.4037,0
1199452,4,15,0,2,3,2,12,6,unknown,gateway_error,0.8513,1
4502894,3,5,2,178,1,1,5,0,upi,timeout,0.4537,0
1950261,1,16,0,194,0,0,21,0,netbanking,insufficient_funds,0.6544,0
2740586,4,9,1,336,3,0,0,5,upi,temporary_gateway_issue,0.7973,1
4537036,3,17,2,196,0,0,20,0,netbanking,temporary_gateway_issue,0.7825,1
3139978,3,17,1,343,1,0,3,5,card,gateway_error,0.5525,0
628645,4,2,3,249,2,1,2,3,upi,insufficient_funds,0.05,0
4702169,1,19,1,212,1,1,16,3,upi,temporary_gateway_issue,0.8875,1
3157154,3,14,1,153,4,1,1,4,card,card_expired,0.2932,1
1707782,4,14,1,158,3,0,18,5,wallet,card_expired,0.6272,1
739396,5,3,1,362,1,1,19,6,upi,temporary_gateway_issue,0.8363,0
3980424,5,8,0,139,2,0,22,3,card,timeout,0.7904,1
3119360,1,18,2,221,0,0,21,5,upi,temporary_gateway_issue,0.9166,1
2690632,4,16,0,273,3,3,7,6,netbanking,card_expired,0.605,1
4474768,5,10,0,154,1,0,14,6,netbanking,gateway_error,0.8083,1
3953556,4,8,0,249,2,1,5,0,upi,gateway_error,0.7083,1
800790,3,9,1,279,1,1,22,4,upi,gateway_error,0.8175,1
1593024,1,17,0,304,4,1,19,2,upi,card_expired,0.9056,1
1280021,5,19,2,276,3,3,1,1,card,gateway_error,0.4121,1
3732534,3,12,0,2,0,0,14,1,upi,gateway_error,0.95,1
215985,0,7,3,88,2,2,19,4,upi,temporary_gateway_issue,0.815,1
2870953,0,6,1,287,1,0,11,5,unknown,gateway_error,0.805,0
3824170,1,16,3,130,3,3,2,5,upi,card_expired,0.1944,0
4389989,5,14,2,78,1,0,9,5,card,insufficient_funds,0.1929,1
1743304,5,19,2,260,3,2,13,2,upi,checkout_abandoned,0.5621,1
4115223,5,14,2,241,4,0,21,6,upi,gateway_error,0.8429,1
597627,4,0,2,141,1,1,13,1,upi,temporary_gateway_issue,0.435,0
4239938,3,13,0,228,4,1,2,4,card,card_expired,0.4094,1
681068,5,4,1,163,2,2,0,5,card,timeout,0.6106,1
2016572,3,10,2,236,4,4,19,3,netbanking,gateway_error,0.7542,1
3996612,1,15,3,128,3,1,0,0,upi,insufficient_funds,0.2431,0
792091,5,1,2,200,2,2,1,2,upi,card_expired,0.05,0
1184794,1,7,1,31,1,1,18,5,wallet,gateway_error,0.9113,1
3625150,5,10,3,138,1,1,23,1,upi,card_expired,0.2983,1
3614180,0,17,3,21,3,0,9,0,upi,temporary_gateway_issue,0.665,1
3223680,2,2,3,234,0,0,3,4,upi,checkout_abandoned,0.14,0
3485044,1,0,0,202,0,0,3,5,netbanking,insufficient_funds,0.05,0
2736485,5,10,2,279,1,1,12,1,netbanking,gateway_error,0.5683,1
1296405,2,15,0,131,3,3,8,0,upi,insufficient_funds,0.5838,0
1761195,1,17,3,148,0,0,6,3,upi,unknown,0.3956,0
948908,4,15,0,29,4,1,15,2,card,card_expired,0.6013,1
4546830,5,9,0,361,1,1,17,4,wallet,temporary_gateway_issue,0.8,0
2937789,4,17,0,308,4,1,2,1,upi,insufficient_funds,0.3583,0
2034214,0,5,2,162,3,3,19,6,netbanking,insufficient_funds,0.435,0
2336928,5,18,3,357,4,2,19,3,upi,gateway_error,0.7389,1
4739052,0,3,3,340,0,0,9,2,upi,gateway_error,0.665,1
809089,2,12,2,61,0,0,23,2,upi,insufficient_funds,0.335,1
2951837,1,13,0,125,2,1,21,6,upi,insufficient_funds,0.75,1
2554148,3,2,0,71,1,0,15,3,upi,gateway_error,0.815,1
3076698,0,9,1,326,3,1,2,1,wallet,card_expired,0.355,0
139645,3,5,1,364,1,0,10,2,upi,insufficient_funds,0.3737,1
4367013,3,0,1,243,4,4,9,4,upi,temporary_gateway_issue,0.555,0
4663985,1,13,2,249,3,3,15,0,upi,gateway_error,0.76,1
2847409,2,7,3,221,3,0,7,4,netbanking,timeout,0.4872,0
3498421,1,18,1,21,0,0,8,5,wallet,timeout,0.7866,1
4616371,5,13,3,82,4,3,14,2,upi,timeout,0.5678,1
3550831,0,9,3,344,0,0,20,0,upi,gateway_error,0.815,0
805068,3,16,3,10,0,0,2,3,upi,insufficient_funds,0.05,0
2902627,1,8,2,12,2,0,3,0,upi,checkout_abandoned,0.3961,0
3053239,1,5,2,263,0,0,12,0,upi,temporary_gateway_issue,0.7267,1
2149446,1,10,2,145,1,1,11,6,card,gateway_error,0.6532,0
3695398,0,6,2,192,3,0,20,0,card,card_expired,0.585,0
4675116,2,16,1,250,0,0,8,2,card,gateway_error,0.7661,1
4631564,1,0,0,114,1,0,13,6,upi,temporary_gateway_issue,0.675,1
2281654,0,4,0,26,4,2,18,6,upi,gateway_error,0.95,1
610528,3,8,0,271,3,1,6,5,card,temporary_gateway_issue,0.8295,1
4924963,5,17,1,33,4,1,15,5,card,insufficient_funds,0.3255,1
4202545,4,1,0,62,1,0,21,6,upi,gateway_error,0.895,1
667080,0,10,1,229,4,1,19,6,netbanking,user_abandoned,0.805,1
4608167,4,5,1,303,4,3,4,1,upi,insufficient_funds,0.1494,0
4355986,1,7,1,95,4,0,9,5,upi,insufficient_funds,0.4612,0
2618248,1,3,0,35,0,0,17,2,upi,temporary_gateway_issue,0.9375,1
2976813,0,17,3,193,0,0,10,1,wallet,timeout,0.565,1
2025063,4,10,0,76,0,0,6,3,upi,insufficient_funds,0.525,0
321070,1,4,0,249,3,3,13,3,wallet,card_expired,0.605,1
1709226,3,14,2,83,1,1,19,3,upi,user_abandoned,0.7232,1
4024124,2,17,1,25,0,0,17,3,upi,timeout,0.8682,0
72928,2,1,3,57,4,2,10,3,card,insufficient_funds,0.05,0
1700820,1,10,2,32,4,0,21,4,upi,card_expired,0.6532,1
2020935,4,12,3,319,4,1,11,6,upi,insufficient_funds,0.1775,0
2710108,5,3,3,12,4,2,17,2,upi,gateway_error,0.4463,0
4603285,1,6,1,319,2,1,1,1,netbanking,gateway_error,0.555,0
1764412,5,10,0,333,3,0,22,3,card,checkout_abandoned,0.6583,1
1767418,5,3,1,92,1,0,0,4,upi,gateway_error,0.6863,0
3700631,4,14,1,1,1,1,22,5,upi,user_abandoned,0.6772,0
2288478,5,0,2,326,0,0,9,4,card,gateway_error,0.335,1
1161793,3,2,1,136,2,1,20,4,upi,insufficient_funds,0.445,1
2289575,4,13,0,196,1,0,0,2,upi,timeout,0.9426,1
747242,1,5,3,133,3,3,5,3,upi,gateway_error,0.4067,0
923115,3,17,1,86,4,4,6,4,card,card_expired,0.5025,0
2516920,0,0,3,295,0,0,16,6,upi,timeout,0.49,0
2123680,2,5,1,279,3,1,8,4,card,insufficient_funds,0.305,0
4578487,1,5,3,324,1,0,6,3,card,insufficient_funds,0.1067,0
1843849,1,15,1,180,2,2,16,2,wallet,gateway_error,0.7831,1
2923912,1,4,2,4,0,0,2,4,netbanking,insufficient_funds,0.05,0
3179708,3,16,3,126,1,0,15,1,upi,gateway_error,0.6097,0
114817,0,9,1,175,0,0,4,0,card,temporary_gateway_issue,0.605,1
3334509,4,17,1,251,1,1,19,5,wallet,checkout_abandoned,0.7383,1
931278,0,6,2,21,4,2,17,0,upi,insufficient_funds,0.385,0
4807298,3,2,2,105,2,0,0,0,upi,card_expired,0.325,1
785880,1,12,2,66,4,0,3,2,upi,insufficient_funds,0.1581,0
2102389,2,14,3,263,1,0,22,4,netbanking,gateway_error,0.5212,1
472480,1,19,3,49,3,3,10,0,upi,insufficient_funds,0.2475,0
4984527,4,18,2,16,4,3,19,0,upi,card_expired,0.6214,1
2535865,5,2,0,145,3,2,8,5,card,gateway_error,0.675,0
2997155,2,3,0,340,1,0,7,3,netbanking,user_abandoned,0.635,1
382028,1,4,1,250,2,2,7,6,upi,insufficient_funds,0.435,0
3762304,2,0,0,343,3,1,4,6,netbanking,gateway_error,0.375,0
1089032,5,3,1,354,1,0,11,4,netbanking,insufficient_funds,0.1863,0
4495368,0,11,3,75,3,1,0,4,upi,temporary_gateway_issue,0.665,0
1065441,3,9,3,290,4,4,14,5,card,temporary_gateway_issue,0.4775,0
993904,1,19,0,282,1,1,17,3,card,card_expired,0.6575,0
230920,4,12,3,66,4,1,5,4,wallet,user_abandoned,0.1275,0
2386731,0,13,2,125,0,0,9,6,card,card_expired,0.435,0
2845963,1,4,2,319,1,1,13,6,wallet,user_abandoned,0.465,1
375257,0,3,0,87,3,2,20,1,upi,checkout_abandoned,0.95,1
3888861,4,13,0,41,0,0,7,5,upi,checkout_abandoned,0.7926,0
2293779,1,9,1,186,4,3,2,2,upi,gateway_error,0.67,1
2645731,5,16,3,354,4,3,21,3,upi,insufficient_funds,0.3317,0
2231775,5,9,1,335,3,0,21,5,netbanking,gateway_error,0.83,0
2033777,4,6,1,266,0,0,18,0,upi,insufficient_funds,0.515,0
2820219,2,15,2,271,2,2,11,4,upi,checkout_abandoned,0.5938,0
818439,4,0,2,42,3,2,11,1,upi,gateway_error,0.435,1
950544,2,16,2,93,4,4,14,6,upi,timeout,0.7461,1
4315838,1,8,2,185,1,1,6,1,upi,timeout,0.7461,1
4733271,2,5,1,215,0,0,3,2,upi,gateway_error,0.605,1
1897881,1,18,2,17,2,0,20,5,netbanking,gateway_error,0.8166,1
1390186,1,12,3,265,1,0,8,1,upi,insufficient_funds,0.2381,0
3237797,3,2,2,114,0,0,21,5,card,gateway_error,0.625,1
2073234,1,6,2,292,3,0,15,4,card,insufficient_funds,0.235,0
175662,2,8,2,292,3,2,12,4,card,insufficient_funds,0.215,1
822955,3,4,0,48,0,0,3,6,upi,insufficient_funds,0.275,0
3594062,3,9,3,307,2,0,23,1,wallet,gateway_error,0.4775,1
3311673,1,16,3,97,0,0,8,4,card,insufficient_funds,0.1444,0
184125,4,11,1,95,1,0,20,5,upi,gateway_error,0.95,1
1148762,4,15,1,326,1,0,17,6,upi,user_abandoned,0.6813,1
1193820,5,2,2,74,3,3,14,4,upi,temporary_gateway_issue,0.535,0
3375869,3,8,0,336,0,0,14,6,netbanking,user_abandoned,0.6795,1
147567,1,14,1,68,3,1,5,0,card,card_expired,0.3317,0
565337,4,4,1,246,2,1,10,5,upi,card_expired,0.48,0
4009584,1,12,2,77,1,1,7,6,upi,temporary_gateway_issue,0.7581,0
933796,1,13,2,208,4,2,20,3,netbanking,gateway_error,0.81,1
3281093,3,19,1,254,4,0,16,4,netbanking,insufficient_funds,0.3573,1
1229004,5,14,1,221,0,0,23,4,card,gateway_error,0.7129,0
542234,3,15,3,262,0,0,16,5,card,checkout_abandoned,0.3567,1
1253702,0,12,0,331,4,2,23,2,netbanking,temporary_gateway_issue,0.925,1
3625221,4,16,3,344,0,0,17,3,card,unknown,0.245,0
4285697,4,7,1,259,1,1,3,6,upi,card_expired,0.3277,0
4159588,4,1,3,308,2,0,14,3,upi,gateway_error,0.385,0
2016058,2,4,3,74,2,0,1,6,netbanking,timeout,0.2483,0
3357021,1,5,1,125,3,1,1,3,upi,temporary_gateway_issue,0.6467,1
1064672,3,11,2,188,1,1,9,1,upi,gateway_error,0.71,1
1501081,4,17,1,254,0,0,2,0,netbanking,temporary_gateway_issue,0.5383,0
4486862,0,0,2,321,0,0,7,0,card,checkout_abandoned,0.36,0
114359,4,16,1,308,3,1,19,2,netbanking,insufficient_funds,0.485,1
473267,5,10,1,235,3,2,6,3,upi,timeout,0.7883,1
1079036,1,9,1,250,0,0,11,3,wallet,temporary_gateway_issue,0.77,1
181334,1,18,0,332,0,0,18,4,upi,insufficient_funds,0.7566,0
948105,3,13,2,345,1,0,14,6,card,temporary_gateway_issue,0.6194,1
2936055,2,9,0,72,3,1,13,5,upi,temporary_gateway_issue,0.95,1
2136051,3,14,1,235,1,1,15,1,upi,gateway_error,0.8432,1
4468724,4,18,3,324,0,0,13,1,upi,insufficient_funds,0.2014,0
4096345,5,3,0,156,4,4,2,2,card,timeout,0.5063,0
1741995,0,1,2,115,4,4,17,0,upi,gateway_error,0.785,1
1334145,3,8,1,313,0,0,21,3,card,unknown,0.6095,1
1929477,2,9,0,228,3,2,5,5,upi,gateway_error,0.7614,0
2971959,3,10,3,322,4,0,16,2,upi,insufficient_funds,0.1842,0
1376915,1,13,0,346,3,1,22,6,card,gateway_error,0.9,1
3139537,4,6,2,245,4,1,13,1,wallet,gateway_error,0.545,0
2076587,4,14,0,306,3,3,13,1,upi,checkout_abandoned,0.7972,1
2782633,4,18,3,14,4,0,19,1,card,user_abandoned,0.5014,0
2208826,4,14,3,16,3,0,12,3,wallet,timeout,0.4872,1
1507605,4,7,2,42,1,0,2,3,card,user_abandoned,0.2077,0
4744843,4,10,3,110,3,1,12,3,card,user_abandoned,0.315,0
3829848,0,8,1,278,1,1,23,4,upi,timeout,0.905,1
743560,2,14,3,324,1,1,1,0,upi,user_abandoned,0.2712,0
4348916,4,0,1,19,0,0,8,6,upi,temporary_gateway_issue,0.555,1
2462784,2,0,0,66,1,0,12,1,upi,insufficient_funds,0.275,1
4478033,5,18,1,167,2,0,7,1,netbanking,card_expired,0.4789,0
4009283,4,2,1,73,1,1,15,4,upi,gateway_error,0.6717,0
2154806,3,9,0,310,3,0,23,1,upi,user_abandoned,0.7875,1
161223,4,7,3,112,1,1,2,6,wallet,gateway_error,0.2377,0
1379952,1,14,1,274,3,3,12,1,card,user_abandoned,0.6317,1
2731089,0,9,3,85,3,1,3,3,wallet,temporary_gateway_issue,0.365,1
3185717,3,0,0,139,2,0,17,3,card,temporary_gateway_issue,0.575,0
1326544,3,17,2,39,1,0,1,0,upi,gateway_error,0.5325,1
739812,1,1,3,105,1,0,19,6,card,user_abandoned,0.39,0
4182904,4,18,3,324,4,4,21,6,card,gateway_error,0.6514,1
4922790,0,12,2,281,4,2,20,1,upi,timeout,0.935,1
2652166,3,0,2,123,0,0,14,2,upi,timeout,0.435,1
899812,0,1,0,218,3,3,16,1,upi,temporary_gateway_issue,0.95,1
1397921,3,15,3,61,2,2,9,1,card,unknown,0.2567,0
141033,4,14,3,100,4,2,0,0,upi,gateway_error,0.5872,1
4575779,5,12,0,307,1,0,5,2,card,timeout,0.6221,1
632867,3,15,3,354,0,0,2,1,upi,insufficient_funds,0.05,0
2903756,5,16,1,204,2,1,18,5,upi,gateway_error,0.95,1
1406573,3,6,1,258,1,0,6,5,upi,gateway_error,0.7883,1
2793181,2,16,1,5,1,1,12,6,upi,card_expired,0.6161,0
3274530,4,6,3,197,3,2,12,6,upi,checkout_abandoned,0.375,1
4157221,1,12,1,180,3,0,16,2,upi,gateway_error,0.8781,1
1071785,5,4,1,342,4,1,0,5,upi,gateway_error,0.7106,1
104429,1,16,0,133,4,1,13,3,wallet,unknown,0.6544,1
727583,4,2,0,324,1,0,2,3,card,gateway_error,0.4917,0
4505092,1,6,2,253,1,1,13,2,card,insufficient_funds,0.235,1
4375755,4,16,2,265,4,3,23,1,wallet,insufficient_funds,0.215,0
3007194,1,6,2,93,4,1,0,6,wallet,temporary_gateway_issue,0.635,1
3022558,5,0,2,150,1,1,15,2,netbanking,timeout,0.335,0
3341931,2,16,0,138,2,2,9,5,upi,checkout_abandoned,0.8361,0
918087,1,16,0,208,1,0,12,2,card,insufficient_funds,0.5044,0
4576339,5,10,0,125,2,1,3,5,netbanking,card_expired,0.3583,0
2122914,3,2,1,234,2,1,8,6,netbanking,timeout,0.595,0
1946535,4,14,1,61,1,1,13,3,card,insufficient_funds,0.3272,0
2618642,0,10,2,307,0,0,3,2,upi,gateway_error,0.585,1
282481,0,15,1,266,4,2,9,6,wallet,card_expired,0.555,1
873102,4,8,3,134,3,0,7,6,upi,temporary_gateway_issue,0.5483,0
3703266,2,0,0,318,1,1,22,4,upi,gateway_error,0.675,0
459853,1,15,2,113,2,1,2,5,upi,checkout_abandoned,0.4131,0
3035602,2,8,2,191,1,1,22,4,upi,card_expired,0.465,1
1264478,0,18,3,187,4,2,6,3,upi,unknown,0.415,0
1977013,5,11,1,319,2,0,9,6,upi,temporary_gateway_issue,0.7956,0
1479033,4,18,2,89,3,0,2,6,unknown,user_abandoned,0.2714,0
1810579,4,8,1,187,3,0,1,1,upi,timeout,0.5883,0
3609277,2,6,1,307,3,0,14,5,card,unknown,0.4675,0
1520752,5,13,3,132,0,0,8,1,netbanking,checkout_abandoned,0.3178,0
2853702,2,18,2,360,2,2,14,3,card,unknown,0.4,0
2406449,1,18,1,123,2,1,16,1,upi,unknown,0.6366,0
3335172,3,1,1,48,0,0,6,6,card,gateway_error,0.5425,1
4687307,5,8,3,288,2,1,19,5,upi,card_expired,0.4304,1
3676231,3,12,3,179,0,0,17,0,upi,temporary_gateway_issue,0.595,0
1113954,1,14,1,180,1,0,14,5,card,card_expired,0.5317,0
204356,3,2,3,99,4,4,17,5,wallet,unknown,0.105,0
1348207,0,10,1,330,3,0,23,4,card,gateway_error,0.805,0
2995635,3,13,2,34,0,0,22,0,upi,insufficient_funds,0.3194,1
304557,1,7,0,70,0,0,11,0,upi,card_expired,0.7312,0
2507012,3,17,3,171,0,0,22,0,upi,temporary_gateway_issue,0.6125,1
3004372,4,18,0,272,1,1,20,5,card,gateway_error,0.95,1
1704507,2,15,1,59,0,0,7,3,upi,gateway_error,0.8638,1
3866015,0,1,1,181,4,3,1,0,netbanking,gateway_error,0.605,1
577661,4,7,1,19,4,1,1,2,upi,timeout,0.5777,0
421932,4,5,0,226,3,1,4,1,upi,insufficient_funds,0.2694,1
3654534,1,11,1,95,1,0,0,3,upi,gateway_error,0.8758,1
2502682,2,14,3,297,4,3,21,2,upi,unknown,0.5212,1
3457591,2,7,2,81,2,2,3,5,card,timeout,0.4072,1
2202395,5,3,2,175,2,1,5,5,wallet,insufficient_funds,0.05,0
1269690,0,14,3,222,2,1,22,2,upi,temporary_gateway_issue,0.665,1
4104556,1,19,2,103,0,0,12,4,upi,timeout,0.7675,1
4007108,0,16,0,54,0,0,18,4,unknown,temporary_gateway_issue,0.95,1
3488747,5,12,1,183,2,0,10,2,card,card_expired,0.4521,0
1397118,3,17,1,351,3,2,12,4,wallet,timeout,0.7525,1
2971641,4,1,1,318,3,0,7,1,upi,gateway_error,0.625,1
1836820,0,12,0,355,0,0,6,1,upi,checkout_abandoned,0.875,0
503331,4,12,0,349,2,0,12,5,upi,insufficient_funds,0.5375,1
4590702,1,14,0,321,3,2,0,4,upi,temporary_gateway_issue,0.95,1
727252,3,19,3,68,0,0,5,0,card,unknown,0.0673,0
4753674,1,9,0,28,2,2,6,2,upi,insufficient_funds,0.59,0
2257728,3,2,2,274,1,0,15,1,card,card_expired,0.225,0
966407,3,18,3,282,2,1,14,6,upi,timeout,0.615,0
2732409,4,2,3,360,2,0,19,4,netbanking,gateway_error,0.4817,1
4371081,1,13,3,311,4,2,1,6,upi,unknown,0.19,0
3674513,1,7,0,119,4,1,22,4,upi,insufficient_funds,0.5812,0
4042477,0,3,3,134,1,0,15,1,card,temporary_gateway_issue,0.565,0
3310977,1,19,0,129,1,1,16,1,upi,checkout_abandoned,0.8575,1
3476768,0,10,0,8,2,2,23,0,upi,insufficient_funds,0.625,0
4253518,2,10,3,51,3,0,14,4,upi,card_expired,0.3567,1
1285856,2,10,1,341,1,0,2,4,netbanking,user_abandoned,0.3967,0
2472653,2,1,1,281,2,0,3,3,card,gateway_error,0.3717,1
1144986,5,16,3,175,0,0,11,5,card,gateway_error,0.4817,0
4938956,1,8,1,183,4,1,4,0,wallet,gateway_error,0.5661,0
4723093,5,1,2,192,3,0,16,1,unknown,user_abandoned,0.2433,1
245162,1,14,2,249,2,2,5,6,card,gateway_error,0.4617,0
3542597,0,15,0,235,0,0,9,1,card,temporary_gateway_issue,0.925,1
4629979,5,3,1,83,4,3,21,2,card,temporary_gateway_issue,0.7363,1
943847,5,7,2,93,0,0,17,5,upi,temporary_gateway_issue,0.6392,1
2861328,5,8,3,312,2,0,9,1,unknown,timeout,0.4304,0
4581667,3,4,1,268,1,1,5,4,card,unknown,0.205,0
218032,0,15,2,120,4,3,23,1,upi,temporary_gateway_issue,0.785,1
3502230,2,12,2,71,0,0,5,4,upi,insufficient_funds,0.135,0
1521877,0,6,3,17,1,0,19,4,upi,card_expired,0.565,0
4625761,3,19,0,253,3,0,14,0,upi,insufficient_funds,0.5773,0
4856738,1,16,3,122,2,0,3,1,upi,checkout_abandoned,0.2944,0
4724119,0,2,0,10,2,1,15,0,upi,insufficient_funds,0.625,1
2397360,5,4,2,287,4,2,21,6,upi,temporary_gateway_issue,0.7406,1
4317111,2,18,0,316,0,0,23,6,card,unknown,0.64,0
4230519,2,11,2,326,3,3,7,5,upi,insufficient_funds,0.3312,0
1629547,1,6,2,273,4,2,6,4,upi,gateway_error,0.735,1
4153131,0,8,1,306,4,0,18,6,upi,gateway_error,0.95,1
233187,3,5,0,293,0,0,16,5,netbanking,unknown,0.5437,1
3001535,1,16,0,210,3,0,20,1,upi,card_expired,0.9044,1
1188543,0,15,0,218,0,0,12,5,upi,insufficient_funds,0.625,1
646806,4,2,3,241,2,1,14,5,card,user_abandoned,0.1817,0
430918,2,3,1,200,1,0,1,1,upi,insufficient_funds,0.165,0
3496629,3,9,1,216,2,0,9,0,upi,temporary_gateway_issue,0.8175,1
1732381,5,4,1,205,2,0,12,0,upi,card_expired,0.4606,1
3637595,3,9,3,216,4,4,17,4,card,card_expired,0.2275,0
373513,5,11,0,80,2,1,22,4,card,insufficient_funds,0.4156,0
1610687,3,9,0,267,3,2,10,1,card,gateway_error,0.8375,1
2720481,2,12,0,35,2,1,12,1,upi,gateway_error,0.95,1
3964079,5,10,1,289,3,2,18,3,netbanking,card_expired,0.5883,1
1627824,0,15,1,18,0,0,23,3,upi,user_abandoned,0.755,0
3148162,5,7,2,165,4,0,23,2,upi,timeout,0.6392,0
4435589,1,7,3,13,3,3,21,6,upi,user_abandoned,0.6212,1
3098522,0,7,3,202,2,0,4,4,card,card_expired,0.115,0
1203149,1,12,1,229,4,3,2,5,upi,user_abandoned,0.5281,0
170783,3,1,2,346,4,4,18,6,card,gateway_error,0.5725,0
4356989,0,11,0,1,3,0,22,2,netbanking,temporary_gateway_issue,0.925,1
155283,3,9,1,319,3,0,12,6,upi,insufficient_funds,0.4175,0
4379773,4,11,3,217,1,0,4,2,upi,temporary_gateway_issue,0.3717,0
2668238,3,10,3,34,1,0,11,0,upi,card_expired,0.3342,0
4698385,3,14,3,359,4,0,13,5,upi,checkout_abandoned,0.4532,1
4003977,1,15,0,266,1,1,5,0,upi,insufficient_funds,0.4031,0
4989773,5,16,3,128,2,1,21,3,wallet,checkout_abandoned,0.4817,0
1786023,4,1,0,212,0,0,8,2,upi,insufficient_funds,0.345,0
3847582,3,17,0,263,4,1,16,6,netbanking,insufficient_funds,0.4725,0
2039558,3,11,0,312,0,0,7,3,upi,timeout,0.95,1
2425384,4,18,1,80,1,0,12,5,netbanking,temporary_gateway_issue,0.7414,1
3156152,4,17,0,165,3,3,4,5,netbanking,temporary_gateway_issue,0.6583,1
4374701,0,16,2,252,4,4,21,4,card,insufficient_funds,0.435,1
4921213,1,5,3,12,1,0,21,1,wallet,checkout_abandoned,0.5067,0
3852953,4,14,1,304,2,1,16,0,upi,timeout,0.8272,0
2117945,4,2,3,212,4,2,2,4,upi,temporary_gateway_issue,0.2317,1
2135717,2,5,0,282,4,4,5,6,card,gateway_error,0.625,0
3701032,5,2,1,112,3,2,13,4,card,unknown,0.305,0
1231946,4,0,2,211,4,2,14,6,netbanking,insufficient_funds,0.05,0
596846,1,12,0,239,3,3,13,0,upi,checkout_abandoned,0.8481,1
1805379,5,13,3,268,1,0,10,0,upi,insufficient_funds,0.1678,0
1471833,5,12,2,298,2,0,10,5,upi,timeout,0.6821,1
1516725,3,3,0,317,2,2,8,5,netbanking,card_expired,0.5,1
1206358,3,6,2,58,4,0,5,2,wallet,temporary_gateway_issue,0.3683,0
258361,3,9,0,34,4,1,14,3,card,timeout,0.8375,1
138475,3,6,1,263,1,1,11,5,card,insufficient_funds,0.2883,0
4939225,2,14,0,35,3,2,5,4,card,timeout,0.6812,1
2167477,4,14,1,271,2,2,0,2,card,user_abandoned,0.5772,0
1952416,3,3,0,227,3,3,15,6,upi,gateway_error,0.85,1
3414254,0,5,0,25,1,0,19,2,card,timeout,0.95,1
1130356,3,19,3,234,2,2,14,4,upi,gateway_error,0.6173,1
4752307,4,4,2,59,2,0,1,5,card,gateway_error,0.31,0
3942407,3,19,2,251,0,0,16,6,upi,timeout,0.7373,1
492584,2,11,2,335,1,1,2,4,netbanking,gateway_error,0.4312,0
2117024,1,0,0,86,1,0,2,1,netbanking,insufficient_funds,0.05,0
4401635,1,7,0,251,0,0,4,5,card,gateway_error,0.6812,1
4726423,4,0,0,180,3,1,16,3,card,temporary_gateway_issue,0.575,1
2363637,1,4,1,207,0,0,22,6,card,gateway_error,0.735,0
3086386,1,5,1,344,1,1,16,4,card,gateway_error,0.7467,0
876818,0,2,3,149,3,1,19,5,upi,user_abandoned,0.665,0
4956284,4,14,0,71,2,2,5,0,netbanking,timeout,0.6472,1
1196774,4,4,2,121,0,0,0,1,upi,checkout_abandoned,0.46,0
4716522,1,13,2,253,3,3,6,6,card,gateway_error,0.66,1
3265750,1,17,3,93,3,2,14,6,card,card_expired,0.2956,0
3058297,1,15,2,256,3,1,6,3,card,timeout,0.6631,1
2587808,5,5,3,254,0,0,18,5,netbanking,temporary_gateway_issue,0.54,0
1191815,2,13,0,352,2,1,19,0,card,card_expired,0.7783,0
923813,3,7,2,288,3,0,21,5,netbanking,card_expired,0.48,1
1141406,2,6,0,309,0,0,10,0,upi,insufficient_funds,0.5375,1
972869,4,7,1,59,1,1,22,3,wallet,timeout,0.6777,1
3908943,0,12,2,69,0,0,13,1,netbanking,insufficient_funds,0.285,1
1783120,3,5,1,86,0,0,12,6,upi,temporary_gateway_issue,0.7737,1
336321,0,17,2,274,0,0,19,0,netbanking,insufficient_funds,0.435,0
4847058,5,1,0,227,3,3,8,2,card,user_abandoned,0.4833,1
4424740,4,7,3,81,0,0,8,3,unknown,temporary_gateway_issue,0.4377,0
4642373,5,10,0,114,1,0,15,3,card,insufficient_funds,0.4083,0
4974793,4,0,0,184,3,1,11,4,upi,timeout,0.675,1
910781,0,5,0,280,1,1,9,1,upi,card_expired,0.775,1
2011397,0,15,2,322,4,3,5,2,card,card_expired,0.235,1
3803280,0,19,3,318,0,0,17,2,netbanking,gateway_error,0.565,0
3495302,4,11,1,54,3,2,1,4,card,timeout,0.5117,1
811784,1,10,0,197,3,1,19,0,upi,insufficient_funds,0.7432,1
4088373,0,9,2,293,0,0,8,0,card,insufficient_funds,0.285,1
1160980,5,2,1,293,2,0,18,2,card,insufficient_funds,0.305,0
1157897,3,12,0,291,2,0,5,1,upi,card_expired,0.505,0
2708023,4,2,1,180,1,0,1,0,upi,user_abandoned,0.3217,0
2985052,5,14,0,222,0,0,14,3,upi,timeout,0.9329,1
2921426,2,15,1,274,0,0,16,5,upi,insufficient_funds,0.4638,1
502859,2,12,1,244,4,3,15,4,upi,temporary_gateway_issue,0.855,1
4393431,3,16,3,154,2,0,20,1,upi,gateway_error,0.7597,1
1364720,1,2,3,304,2,0,7,0,netbanking,unknown,0.1983,0
691098,0,19,0,273,0,0,9,5,upi,insufficient_funds,0.625,1
4449302,4,10,2,135,1,1,9,2,upi,insufficient_funds,0.285,1
4780474,5,18,3,313,0,0,17,4,upi,card_expired,0.3389,0
4317531,0,10,1,8,1,1,9,0,upi,gateway_error,0.905,1
4057104,5,15,3,128,2,0,8,2,card,user_abandoned,0.3275,0
3293447,4,2,3,56,4,3,23,0,upi,card_expired,0.1817,1
2776743,2,5,0,126,3,3,18,4,card,card_expired,0.725,0
480584,0,13,3,159,2,1,0,3,card,gateway_error,0.565,0
2071843,3,17,3,59,1,1,3,6,upi,insufficient_funds,0.05,0
1894808,1,16,1,58,0,0,23,3,card,gateway_error,0.7844,1
1335781,3,3,3,140,2,0,2,6,card,insufficient_funds,0.05,0
3630929,1,14,1,176,4,4,9,5,upi,card_expired,0.6317,0
2504584,5,10,3,108,1,0,11,2,card,gateway_error,0.4483,1
451178,0,2,3,211,0,0,17,6,netbanking,timeout,0.565,1
1139906,0,2,2,74,3,0,22,3,card,insufficient_funds,0.285,1
3432130,1,15,3,167,1,1,19,4,upi,user_abandoned,0.6431,1
426847,2,4,1,357,0,0,5,2,wallet,insufficient_funds,0.0883,0
4263474,4,9,1,304,3,1,20,0,upi,temporary_gateway_issue,0.9473,1
2500975,3,18,0,233,0,0,1,6,upi,temporary_gateway_issue,0.775,1
2428903,5,3,0,327,3,2,9,6,upi,user_abandoned,0.6562,0
2982418,3,18,2,182,3,2,1,1,card,insufficient_funds,0.05,0
4132170,3,10,1,122,3,2,8,6,netbanking,insufficient_funds,0.3242,1
1771655,5,1,1,334,0,0,9,6,upi,gateway_error,0.6133,0
3406179,5,9,1,203,3,2,1,0,upi,temporary_gateway_issue,0.58,1
2850373,0,10,2,29,1,0,7,4,card,user_abandoned,0.535,0
1371789,3,19,1,202,4,3,23,5,wallet,card_expired,0.5073,0
4399218,4,15,0,93,4,2,16,2,upi,gateway_error,0.95,0
3997258,4,18,2,329,3,1,16,0,netbanking,insufficient_funds,0.2214,0
3309336,1,10,0,356,4,1,3,2,upi,gateway_error,0.7932,1
4260379,5,13,0,176,4,1,17,3,netbanking,unknown,0.5778,1
4343106,0,1,2,330,3,0,11,1,card,insufficient_funds,0.285,0
3556396,4,4,3,211,3,3,16,4,upi,card_expired,0.24,0
4193215,2,4,3,184,1,0,8,0,card,card_expired,0.1983,0
3502483,0,18,0,95,2,0,18,1,wallet,user_abandoned,0.925,1
3416696,0,11,3,273,0,0,13,6,upi,checkout_abandoned,0.515,0
3112126,4,17,1,137,3,3,13,4,upi,gateway_error,0.8383,1
3775947,2,3,2,237,3,1,16,4,upi,unknown,0.395,1
835095,1,16,0,353,4,4,1,5,upi,user_abandoned,0.6544,0
4410310,4,9,1,265,1,1,7,3,netbanking,temporary_gateway_issue,0.6973,1
4365625,2,19,3,135,4,4,4,5,upi,user_abandoned,0.2817,0
194774,0,5,1,144,3,2,6,5,netbanking,card_expired,0.555,0
4137792,2,13,3,19,3,2,21,2,upi,card_expired,0.5183,1
687905,0,10,0,231,4,4,15,2,unknown,gateway_error,0.925,1
1708838,4,10,1,134,3,3,15,6,upi,timeout,0.805,1
3730365,5,17,2,114,2,2,16,1,upi,gateway_error,0.7055,0
845761,4,17,0,139,0,0,21,3,upi,user_abandoned,0.95,1
4098936,3,10,1,125,0,0,6,4,netbanking,unknown,0.4742,1
4169064,3,11,1,204,0,0,19,6,upi,timeout,0.95,1
2561965,3,4,3,61,2,1,7,3,upi,insufficient_funds,0.115,0
81610,4,8,0,250,3,2,7,3,netbanking,card_expired,0.5583,0
1470838,1,8,0,298,4,3,22,1,netbanking,temporary_gateway_issue,0.8861,1
3103788,4,9,0,13,1,1,10,2,netbanking,timeout,0.8173,1
4906871,5,18,0,255,3,3,14,3,upi,card_expired,0.6989,0
3177476,2,0,3,85,2,2,17,3,upi,gateway_error,0.315,0
1336027,4,6,2,20,2,1,5,3,card,gateway_error,0.345,0
3188328,4,3,0,50,0,0,21,0,upi,card_expired,0.725,1
2722927,0,0,3,164,3,0,11,3,upi,insufficient_funds,0.09,0
3910234,0,14,2,92,0,0,14,3,upi,user_abandoned,0.635,1
579554,0,7,2,88,1,1,22,4,wallet,temporary_gateway_issue,0.685,0
3817088,4,11,3,69,0,0,5,5,upi,gateway_error,0.3717,1
2729269,1,17,0,37,1,0,17,0,card,timeout,0.9056,1
4816810,2,14,2,253,2,0,23,3,upi,timeout,0.7412,1
1742267,2,16,0,252,0,0,19,5,card,insufficient_funds,0.6361,0
3181478,5,13,0,140,0,0,8,3,card,timeout,0.8278,1
4663539,1,13,1,355,4,3,7,1,upi,insufficient_funds,0.48,1
557423,1,17,0,168,2,0,13,1,upi,timeout,0.95,1
4689281,2,19,1,54,4,3,18,5,netbanking,gateway_error,0.9217,1
3455034,3,17,2,178,1,1,18,0,upi,temporary_gateway_issue,0.8825,1
385793,0,15,3,297,1,0,7,4,netbanking,gateway_error,0.565,0
1539769,0,0,1,301,2,2,1,0,card,gateway_error,0.43,1
3555451,2,10,3,359,1,0,3,0,card,gateway_error,0.3067,0
383385,1,14,2,106,2,0,5,1,upi,gateway_error,0.5617,0
2931743,5,11,0,137,1,0,2,1,upi,unknown,0.4656,1
1762121,3,7,2,190,3,0,2,4,card,temporary_gateway_issue,0.38,0
3123531,2,19,3,128,0,0,18,6,upi,gateway_error,0.7817,1
276423,0,5,2,342,3,2,10,6,wallet,user_abandoned,0.535,0
4364107,4,2,0,47,2,1,9,6,wallet,insufficient_funds,0.2917,1
4868770,1,12,2,5,2,2,11,3,upi,insufficient_funds,0.3581,1
4845945,4,12,0,257,3,1,13,4,upi,insufficient_funds,0.5375,0
3760776,5,1,1,300,0,0,17,3,upi,insufficient_funds,0.2133,0
693926,2,4,3,150,0,0,23,5,wallet,temporary_gateway_issue,0.4483,1
3803402,0,16,0,294,4,1,8,5,upi,temporary_gateway_issue,0.95,1
171705,3,5,0,243,1,1,14,2,upi,user_abandoned,0.7437,1
159511,4,1,2,275,4,1,23,6,card,gateway_error,0.405,0
1651870,3,3,1,208,0,0,2,1,upi,gateway_error,0.53,1
2468783,5,10,0,115,3,1,22,2,upi,insufficient_funds,0.5083,0
3863516,0,7,1,195,1,1,10,2,upi,temporary_gateway_issue,0.905,1
3432312,4,11,1,343,3,1,9,1,card,insufficient_funds,0.3117,0
2257218,5,7,2,170,4,1,17,2,upi,user_abandoned,0.4892,0
1404451,3,10,0,82,2,2,3,6,card,checkout_abandoned,0.4942,0
4985766,3,19,2,154,3,1,12,0,netbanking,card_expired,0.3873,1
2159597,4,7,3,141,4,1,5,3,card,gateway_error,0.2377,0
2284365,0,7,3,314,4,4,20,6,card,unknown,0.465,1
859937,3,16,0,146,4,0,12,4,upi,temporary_gateway_issue,0.95,1
3984307,2,19,1,323,2,1,19,1,upi,gateway_error,0.95,1
3483727,5,19,0,122,2,1,4,0,upi,insufficient_funds,0.3521,0
1142809,4,15,0,252,2,0,19,5,card,card_expired,0.7513,1
457786,1,13,3,343,1,0,13,4,upi,gateway_error,0.64,1
3418471,1,10,3,311,2,1,12,4,upi,timeout,0.6332,0
3289830,0,6,1,89,2,0,13,4,upi,user_abandoned,0.755,1
1402634,2,15,1,58,2,1,7,2,upi,temporary_gateway_issue,0.8638,1
4756774,3,12,0,63,3,2,15,2,card,timeout,0.855,1
797736,1,14,2,347,2,2,12,2,card,temporary_gateway_issue,0.6617,1
2190057,0,15,0,308,1,0,23,6,upi,insufficient_funds,0.625,0
4720898,5,8,1,280,4,2,14,2,card,temporary_gateway_issue,0.6704,0
2127650,2,2,2,72,3,3,18,0,upi,timeout,0.76,1
3210703,2,18,3,9,0,0,0,2,card,temporary_gateway_issue,0.53,0
2018092,0,19,1,94,2,2,21,1,netbanking,user_abandoned,0.805,0
1407365,0,4,1,339,4,2,1,4,upi,unknown,0.455,0
4920689,3,9,2,336,4,0,17,0,upi,checkout_abandoned,0.5475,1
2076203,0,16,1,152,3,2,18,5,card,gateway_error,0.95,1
4475791,3,14,1,356,0,0,7,2,wallet,gateway_error,0.7432,1
1188275,3,7,1,40,1,1,2,5,card,insufficient_funds,0.1,0
1104868,4,14,1,359,4,4,22,4,netbanking,card_expired,0.4772,1
204113,2,13,1,62,4,1,13,0,netbanking,unknown,0.5083,0
3275750,5,19,1,254,4,3,8,4,card,card_expired,0.4821,0
1874205,2,6,1,69,4,1,7,5,card,insufficient_funds,0.3175,0
4328573,2,11,1,245,3,0,16,6,upi,gateway_error,0.8512,1
2392389,4,16,3,170,0,0,22,0,card,user_abandoned,0.345,0
4842557,3,16,1,178,4,3,22,3,card,gateway_error,0.7497,1
968351,3,9,3,189,1,0,23,6,card,gateway_error,0.4775,1
4349684,0,18,3,260,1,1,15,0,upi,user_abandoned,0.515,1
3894154,4,13,0,72,2,1,9,2,upi,insufficient_funds,0.5426,0
3866063,0,10,0,17,4,0,20,5,netbanking,gateway_error,0.95,1
4231676,4,1,3,341,4,4,9,4,card,temporary_gateway_issue,0.285,0
3817068,0,17,3,57,4,0,23,4,wallet,gateway_error,0.565,1
3149790,1,6,1,218,4,0,5,4,upi,timeout,0.655,1
699662,2,11,0,107,4,1,21,1,upi,temporary_gateway_issue,0.95,1
211004,2,1,2,304,1,1,16,1,upi,user_abandoned,0.4017,0
4608196,5,19,0,173,0,0,15,2,netbanking,temporary_gateway_issue,0.8521,1
3102419,3,17,3,219,0,0,14,3,upi,insufficient_funds,0.2125,0
3992859,5,5,3,247,2,0,21,1,wallet,gateway_error,0.54,0
2433535,1,9,1,218,1,0,13,0,upi,temporary_gateway_issue,0.87,0
630675,5,19,1,31,4,2,3,6,netbanking,timeout,0.5321,1
669669,2,14,0,47,0,0,3,5,netbanking,card_expired,0.4312,1
3443548,3,4,1,134,3,3,1,2,netbanking,gateway_error,0.455,0
2180014,1,19,2,108,3,3,10,6,upi,insufficient_funds,0.3675,0
1042597,2,2,2,72,3,2,3,3,card,user_abandoned,0.16,1
2483393,0,4,1,327,4,4,20,6,upi,temporary_gateway_issue,0.95,1
367834,4,7,2,108,4,1,20,0,upi,gateway_error,0.8077,1
2930758,1,7,2,309,2,0,15,4,upi,insufficient_funds,0.3412,0
1381517,3,7,0,272,2,1,20,1,card,timeout,0.95,1
3997917,5,11,2,171,2,1,3,0,upi,gateway_error,0.4756,1
1586291,5,7,3,116,3,3,0,3,wallet,temporary_gateway_issue,0.4192,0
2303339,1,10,3,329,4,2,23,2,upi,timeout,0.6332,0
107521,3,13,0,74,3,0,18,6,upi,unknown,0.8594,1
408612,1,7,1,256,2,0,1,0,upi,insufficient_funds,0.2612,0
1992843,3,9,0,81,4,1,8,2,netbanking,gateway_error,0.8375,1
2425697,5,6,1,268,1,1,22,4,upi,insufficient_funds,0.3459,1
3020101,2,16,1,128,0,0,12,3,netbanking,temporary_gateway_issue,0.7661,1
1493729,0,3,1,326,0,0,17,3,card,gateway_error,0.805,0
3490160,2,12,1,235,2,0,15,6,wallet,insufficient_funds,0.355,0
4307605,0,3,1,41,3,2,15,1,upi,checkout_abandoned,0.755,1
3910262,5,4,0,181,1,1,9,5,upi,user_abandoned,0.6806,1
246113,2,3,1,157,4,2,8,3,card,gateway_error,0.665,0
2428509,2,17,2,59,3,0,10,0,netbanking,card_expired,0.3982,0
569404,1,5,2,345,2,0,3,0,upi,gateway_error,0.5267,0
1248122,4,1,1,249,3,2,9,0,netbanking,temporary_gateway_issue,0.525,1
4933979,5,10,2,192,2,0,2,4,upi,checkout_abandoned,0.3183,0
755352,3,13,3,24,0,0,5,3,card,checkout_abandoned,0.1494,0
2519496,5,4,0,80,0,0,2,3,upi,gateway_error,0.6306,1
3109870,3,5,0,134,3,1,8,0,upi,gateway_error,0.8937,1
3527201,3,9,1,213,1,0,2,6,upi,temporary_gateway_issue,0.6175,1
2820260,0,7,1,348,4,3,17,1,netbanking,insufficient_funds,0.405,0
98365,3,13,3,166,2,1,7,6,unknown,user_abandoned,0.3494,0
1665983,3,2,1,348,4,0,21,1,upi,gateway_error,0.845,1
2612672,1,11,2,337,0,0,7,3,netbanking,insufficient_funds,0.2558,0
484939,2,15,3,71,1,1,14,6,card,temporary_gateway_issue,0.5238,1
1785603,5,16,2,214,1,1,12,3,card,gateway_error,0.6017,1
214355,5,0,0,65,4,4,6,2,upi,card_expired,0.425,1
438963,3,9,2,221,0,0,18,3,card,user_abandoned,0.5975,1
2014770,4,9,0,308,4,3,7,6,upi,gateway_error,0.9173,1
706942,5,1,2,286,3,2,9,0,upi,gateway_error,0.4933,0
2859327,3,8,0,185,1,1,16,5,card,gateway_error,0.8295,1
3462851,0,12,1,207,1,0,0,4,netbanking,insufficient_funds,0.405,0
4012904,0,15,2,99,3,0,12,3,card,gateway_error,0.685,1
1040743,0,17,0,242,0,0,12,3,wallet,insufficient_funds,0.525,0
879038,3,18,2,158,1,0,23,0,netbanking,temporary_gateway_issue,0.635,0
567610,1,11,3,98,2,0,15,2,upi,gateway_error,0.6358,0
3200329,4,7,1,42,2,0,8,5,upi,card_expired,0.5277,1
3547054,3,16,0,139,0,0,9,3,card,gateway_error,0.8697,0
206351,1,14,3,283,3,3,5,1,wallet,card_expired,0.0917,0
4684250,1,9,2,227,4,3,4,1,unknown,insufficient_funds,0.05,0
307257,5,14,3,72,0,0,1,1,netbanking,user_abandoned,0.1229,1
2729416,3,14,2,243,4,0,10,4,card,gateway_error,0.6232,1
3559849,3,6,1,18,0,0,8,4,netbanking,card_expired,0.4383,0
4361297,1,12,3,77,2,1,5,5,upi,gateway_error,0.4381,1
3584730,1,16,1,45,3,1,7,3,upi,unknown,0.6344,1
4018554,1,8,0,343,2,1,8,3,card,card_expired,0.6361,0
1730278,5,7,2,140,3,2,8,3,netbanking,temporary_gateway_issue,0.5392,1
4083384,3,19,2,177,4,4,7,4,wallet,temporary_gateway_issue,0.6373,1
446568,1,17,1,222,0,0,11,5,upi,user_abandoned,0.7356,1
4479342,0,12,1,92,1,1,7,3,netbanking,checkout_abandoned,0.655,1
2760582,3,15,0,22,1,0,2,0,netbanking,user_abandoned,0.5167,1
4095623,5,8,3,172,3,2,12,2,card,user_abandoned,0.2804,0
2288975,0,11,2,92,3,3,18,6,upi,user_abandoned,0.785,1
3235709,2,11,2,192,2,0,1,1,card,insufficient_funds,0.05,0
2655693,3,5,0,77,1,0,16,1,card,gateway_error,0.7937,1
3671368,2,18,0,281,2,0,15,0,card,gateway_error,0.89,1
454068,1,6,1,364,4,0,3,3,card,timeout,0.555,0
348742,5,2,1,179,1,0,17,5,netbanking,insufficient_funds,0.155,1
1273161,1,15,3,238,4,3,13,5,upi,insufficient_funds,0.2431,0
839746,5,17,0,135,0,0,1,4,upi,gateway_error,0.7455,1
4365328,4,15,3,280,2,0,12,3,card,timeout,0.4913,1
1135109,1,6,0,19,3,2,20,5,upi,gateway_error,0.95,1
4880533,2,3,2,83,1,1,19,3,wallet,insufficient_funds,0.295,0
1717634,5,7,0,228,2,2,16,1,upi,insufficient_funds,0.4792,0
951483,1,12,0,265,3,3,14,6,upi,gateway_error,0.95,1
3959007,3,12,2,112,0,0,19,6,netbanking,user_abandoned,0.615,1
3310603,5,16,0,251,1,0,4,6,upi,insufficient_funds,0.3417,1
2516068,5,16,3,164,4,1,6,1,netbanking,user_abandoned,0.3317,0
2799049,1,4,1,358,0,0,17,4,card,temporary_gateway_issue,0.735,0
3610048,4,5,1,168,3,2,23,6,upi,gateway_error,0.7494,1
1180850,1,18,3,221,1,1,10,1,wallet,gateway_error,0.5466,1
4981852,2,12,2,304,1,0,17,3,upi,gateway_error,0.735,1
4875226,2,13,0,191,0,0,4,6,card,gateway_error,0.6783,1
3269112,5,3,3,325,1,1,12,0,upi,gateway_error,0.4463,1
1037735,5,6,1,170,3,0,17,4,upi,user_abandoned,0.5959,1
3417129,1,7,1,45,0,0,1,0,netbanking,checkout_abandoned,0.4113,1
407382,2,12,3,14,4,4,19,3,netbanking,checkout_abandoned,0.515,0
201729,2,5,1,231,0,0,3,4,upi,unknown,0.355,0
1325530,4,5,3,157,0,0,12,0,card,insufficient_funds,0.05,0
2339983,3,2,1,134,4,4,23,4,netbanking,insufficient_funds,0.195,0
4347948,4,2,3,37,3,3,15,3,netbanking,gateway_error,0.3317,0
3649486,0,12,0,53,2,1,5,5,upi,gateway_error,0.825,1
3726397,4,1,0,18,2,2,7,6,netbanking,card_expired,0.395,0
2156192,1,15,0,38,4,2,15,4,card,user_abandoned,0.7531,0
1762378,3,5,0,187,3,2,12,6,card,card_expired,0.5437,0
1886641,1,7,1,196,1,0,22,6,wallet,user_abandoned,0.6112,1
4938865,0,7,2,243,4,3,3,5,upi,temporary_gateway_issue,0.585,1
248540,3,5,3,300,2,1,1,3,upi,insufficient_funds,0.05,0
4341805,5,13,2,303,3,2,8,4,upi,insufficient_funds,0.2878,1
2914443,2,2,1,35,0,0,17,4,upi,unknown,0.48,1
2221146,4,9,1,215,3,0,16,5,upi,checkout_abandoned,0.6473,1
3640025,1,2,2,219,3,3,7,1,card,insufficient_funds,0.1683,0
2459011,0,11,2,316,2,1,14,5,upi,gateway_error,0.785,1
4373445,2,16,1,90,2,1,8,5,upi,temporary_gateway_issue,0.8661,0
4508474,4,4,1,308,1,1,16,5,upi,temporary_gateway_issue,0.73,1
2137518,2,19,3,252,1,0,22,3,upi,user_abandoned,0.4817,1
1420297,4,8,0,8,4,4,1,2,upi,gateway_error,0.7083,1
2982134,5,19,0,256,0,0,5,5,card,gateway_error,0.6521,1
4566198,3,6,3,363,1,0,4,4,upi,temporary_gateway_issue,0.3483,0
1092777,2,3,2,208,2,0,16,0,wallet,checkout_abandoned,0.395,1
3133684,2,12,1,131,3,3,1,1,upi,insufficient_funds,0.255,1
3176223,2,12,2,224,4,1,17,5,wallet,timeout,0.635,1
3678909,3,9,0,197,1,1,9,5,upi,temporary_gateway_issue,0.9375,1
701260,0,17,0,142,3,3,9,1,netbanking,gateway_error,0.925,1
3593333,4,16,2,252,3,2,5,5,card,gateway_error,0.415,1
4549710,5,19,0,96,1,0,11,4,netbanking,user_abandoned,0.7021,1
939431,2,19,1,26,0,0,16,2,card,user_abandoned,0.6217,1
1225839,3,12,3,111,0,0,12,5,wallet,insufficient_funds,0.095,0
4858405,0,16,2,123,4,4,19,1,card,temporary_gateway_issue,0.835,1
945835,4,3,1,186,0,0,15,5,netbanking,user_abandoned,0.455,1
4279206,3,0,1,168,4,3,9,3,netbanking,timeout,0.455,1
2486775,5,0,0,51,2,2,20,4,card,gateway_error,0.725,1
1273793,5,14,1,5,1,1,1,4,card,temporary_gateway_issue,0.5129,0
4360212,4,12,2,77,3,1,1,2,upi,timeout,0.4975,1
2254261,2,16,1,160,4,4,22,3,netbanking,insufficient_funds,0.3661,0
2598345,5,7,3,208,0,0,6,3,upi,unknown,0.2692,0
1828205,0,17,1,257,4,4,5,2,card,user_abandoned,0.455,1
2985106,3,12,1,205,4,0,0,6,upi,gateway_error,0.835,1
859443,0,13,3,255,0,0,11,6,upi,card_expired,0.415,0
1985853,2,7,1,11,0,0,12,0,card,temporary_gateway_issue,0.7272,1
4848590,0,7,1,8,1,1,11,6,card,timeout,0.805,0
1327760,0,14,0,32,3,3,18,5,upi,timeout,0.95,1
3300846,1,12,2,28,1,1,8,3,upi,insufficient_funds,0.3581,0
1659690,0,6,0,206,1,1,9,0,upi,user_abandoned,0.875,1
3878691,4,4,2,228,0,0,16,0,card,card_expired,0.26,0
697824,3,16,3,128,0,0,17,4,upi,user_abandoned,0.4597,0
4850614,1,15,3,255,3,0,7,5,card,temporary_gateway_issue,0.5431,0
2296258,3,1,3,212,4,1,6,4,card,temporary_gateway_issue,0.3025,1
1218449,3,17,2,239,1,0,8,1,wallet,timeout,0.6325,1
413808,2,16,2,207,3,0,9,6,upi,unknown,0.4961,0
890301,2,6,2,318,1,1,11,4,upi,temporary_gateway_issue,0.6975,1
2622881,1,12,3,283,4,1,14,3,card,gateway_error,0.5381,1
1718165,5,17,2,245,1,0,14,3,card,insufficient_funds,0.2055,1
4152972,2,13,1,45,2,0,3,5,upi,insufficient_funds,0.2583,1
2182893,2,17,0,105,3,0,3,0,netbanking,user_abandoned,0.5382,0
1281135,2,12,3,348,0,0,22,3,upi,card_expired,0.365,0
3104867,3,10,0,281,1,1,0,6,upi,unknown,0.6942,1
3548547,1,15,1,234,3,3,11,4,upi,card_expired,0.6331,1
876857,3,16,2,189,3,3,1,6,netbanking,temporary_gateway_issue,0.4297,0
879715,4,7,0,44,1,0,14,4,upi,timeout,0.8977,0
231523,3,18,1,225,0,0,16,5,upi,timeout,0.855,1
3695189,4,19,1,142,0,0,6,6,upi,unknown,0.5941,1
3335832,0,14,0,136,1,0,5,4,card,gateway_error,0.725,1
2399422,0,8,3,176,3,1,11,6,netbanking,gateway_error,0.565,1
4228643,4,19,0,142,0,0,18,2,upi,gateway_error,0.95,1
4038067,4,9,3,80,1,0,0,5,upi,insufficient_funds,0.1573,0
2947504,3,11,2,82,1,1,20,5,upi,gateway_error,0.86,1
4347942,4,19,3,135,1,0,13,3,card,timeout,0.5041,0
1068913,1,0,2,207,3,3,3,5,upi,user_abandoned,0.085,0
604002,0,19,0,344,0,0,4,1,netbanking,insufficient_funds,0.325,0
1385260,0,8,2,177,3,1,0,3,upi,insufficient_funds,0.385,0
332579,5,14,1,243,2,1,0,3,upi,checkout_abandoned,0.6629,1
2679289,4,0,2,55,0,0,20,6,upi,insufficient_funds,0.185,0
4686198,2,11,3,141,3,0,5,2,netbanking,gateway_error,0.3112,0
244750,2,2,3,56,0,0,4,3,card,temporary_gateway_issue,0.19,1
654444,4,10,3,15,2,2,1,0,wallet,insufficient_funds,0.05,0
2288385,1,1,2,185,4,1,20,4,upi,gateway_error,0.76,1
4672681,2,15,3,314,1,1,4,4,upi,timeout,0.4238,0
1614972,5,8,3,88,3,1,8,5,card,unknown,0.1804,0
2560812,4,14,1,97,2,1,18,6,card,timeout,0.8772,0
255785,1,11,2,144,2,2,20,2,card,temporary_gateway_issue,0.8058,1
784298,1,0,1,8,0,0,14,4,upi,temporary_gateway_issue,0.555,0
4933819,3,12,3,215,0,0,12,0,upi,checkout_abandoned,0.445,0
4827337,1,13,3,173,1,0,11,2,upi,user_abandoned,0.49,0
74452,2,7,3,223,0,0,4,1,card,insufficient_funds,0.05,0
4761468,2,7,2,40,3,0,1,4,card,temporary_gateway_issue,0.4072,0
3213643,4,11,0,182,3,0,3,3,netbanking,card_expired,0.3817,0
4346195,4,0,3,270,3,1,17,0,upi,temporary_gateway_issue,0.315,0
2300962,1,10,3,187,4,3,20,6,netbanking,gateway_error,0.6832,1
2602200,5,7,3,245,3,3,9,6,upi,temporary_gateway_issue,0.5192,1
2469790,0,9,3,309,0,0,12,0,upi,insufficient_funds,0.265,1
3350978,3,18,2,231,0,0,11,4,wallet,temporary_gateway_issue,0.635,1
741273,0,10,0,155,3,2,1,5,card,gateway_error,0.725,1
198369,1,6,0,175,2,0,14,1,card,gateway_error,0.875,1
1574253,1,10,0,336,2,2,13,3,card,timeout,0.8932,1
3538169,0,16,3,115,2,0,9,1,upi,timeout,0.665,0
1049174,3,0,3,311,1,1,21,1,card,gateway_error,0.365,0
3383490,0,7,0,300,4,3,7,4,netbanking,checkout_abandoned,0.775,1
4851064,4,5,0,18,3,3,14,3,upi,insufficient_funds,0.4694,0
514808,2,17,3,272,1,0,12,4,card,gateway_error,0.5282,1
3379380,5,5,3,12,2,1,7,4,netbanking,gateway_error,0.39,0
2246563,4,4,1,301,3,1,20,5,upi,timeout,0.88,1
4347304,2,12,1,192,1,1,20,0,upi,gateway_error,0.95,1
926891,5,18,1,232,0,0,21,6,upi,gateway_error,0.95,1
3478498,5,7,0,93,2,0,13,5,card,timeout,0.7792,1
4198670,5,8,2,218,1,0,0,6,netbanking,insufficient_funds,0.1504,0
4725840,1,16,3,278,0,0,12,5,card,card_expired,0.2944,0
3432077,5,2,1,353,2,1,7,4,upi,card_expired,0.405,1
2511015,3,18,2,303,4,2,17,5,card,unknown,0.385,0
3108343,0,10,3,29,2,0,21,6,netbanking,gateway_error,0.715,1
4351079,3,16,2,301,4,1,8,5,upi,gateway_error,0.7297,0
2874518,0,18,0,77,4,2,12,2,netbanking,unknown,0.675,1
200415,4,1,0,9,4,3,2,3,netbanking,timeout,0.445,0
4658196,4,7,0,24,3,1,17,0,upi,card_expired,0.6477,0
3463157,0,18,1,15,3,0,9,6,upi,gateway_error,0.905,0
3398741,3,6,3,164,4,1,4,3,card,gateway_error,0.2483,0
1117592,0,16,0,13,0,0,5,0,card,gateway_error,0.725,0
3311483,5,5,1,347,4,3,7,2,netbanking,insufficient_funds,0.23,0
1999628,1,18,1,172,1,0,23,4,card,gateway_error,0.7866,1
3273603,4,5,1,357,4,1,6,6,upi,insufficient_funds,0.3494,0
577635,1,1,1,327,3,3,20,0,upi,insufficient_funds,0.48,0
3306334,5,5,0,200,3,2,17,0,netbanking,gateway_error,0.75,0
4997097,5,4,1,76,1,0,13,0,upi,gateway_error,0.7106,1
288649,4,18,0,164,1,0,14,2,card,temporary_gateway_issue,0.8614,1
4887012,4,19,0,61,2,2,9,3,upi,gateway_error,0.95,1
2064194,5,3,1,245,0,0,20,2,upi,gateway_error,0.8363,1
4360229,2,16,0,155,0,0,11,0,upi,gateway_error,0.95,1
3922808,1,10,3,257,0,0,6,5,upi,insufficient_funds,0.2332,0
2856730,1,3,3,244,3,2,6,0,card,card_expired,0.2275,0
3705323,2,12,2,162,0,0,10,5,upi,gateway_error,0.735,0
4398652,3,19,3,68,2,0,12,4,wallet,card_expired,0.2673,1
2050494,1,16,0,344,2,2,14,2,card,user_abandoned,0.7544,1
1668814,0,8,0,277,0,0,17,5,upi,timeout,0.95,1
3354587,5,3,3,161,1,1,6,2,upi,gateway_error,0.4463,0
4048837,5,13,1,259,2,0,5,1,card,insufficient_funds,0.1078,0
3823311,2,18,1,307,1,1,22,3,upi,timeout,0.87,1
3999177,1,2,0,335,3,3,10,1,unknown,unknown,0.5583,0
2206137,3,13,1,95,2,2,7,5,card,unknown,0.4894,1
4098279,1,7,2,246,1,1,19,1,upi,temporary_gateway_issue,0.8913,0
645034,5,0,2,221,0,0,0,6,card,timeout,0.335,0
2745221,4,9,3,123,3,3,7,3,upi,user_abandoned,0.4073,1
78505,0,17,3,187,4,0,7,5,upi,user_abandoned,0.515,1
1656699,2,15,1,262,4,4,18,4,wallet,insufficient_funds,0.5138,1
1863984,4,7,0,273,0,0,2,4,upi,temporary_gateway_issue,0.6977,0
2011054,3,0,3,60,3,1,4,3,card,gateway_error,0.05,0
3492562,4,11,2,125,3,0,2,3,wallet,insufficient_funds,0.05,0
1973362,4,7,3,337,3,0,14,5,upi,card_expired,0.2877,1
2271033,3,15,3,341,3,1,13,2,upi,unknown,0.3567,0
1225843,4,17,2,51,4,1,20,6,upi,user_abandoned,0.7183,0
1897596,2,3,0,178,1,0,14,5,upi,gateway_error,0.885,1
1174984,5,5,3,139,3,2,23,2,upi,card_expired,0.24,0
412319,1,11,3,327,1,0,16,2,netbanking,temporary_gateway_issue,0.5358,0
3037070,4,8,3,170,3,3,17,2,netbanking,timeout,0.4483,0
3357653,2,14,1,39,2,2,1,5,card,timeout,0.5612,1
3116477,1,15,3,69,2,2,11,0,upi,temporary_gateway_issue,0.6431,1
2344295,1,11,2,236,2,0,15,0,netbanking,gateway_error,0.6558,1
1929939,4,13,0,48,3,3,3,4,card,gateway_error,0.6426,0
4323501,2,12,0,57,1,1,1,0,upi,gateway_error,0.775,1
2619454,5,1,2,277,4,0,13,0,upi,user_abandoned,0.3433,0
2421950,4,2,1,338,0,0,10,2,upi,gateway_error,0.6717,1
176928,3,9,2,99,4,4,12,2,wallet,gateway_error,0.5975,1
1739176,1,8,0,15,3,3,6,3,card,gateway_error,0.8861,1
1931968,4,19,2,325,2,0,9,2,card,user_abandoned,0.4741,1
2024172,1,7,1,179,2,0,23,5,card,temporary_gateway_issue,0.7612,1
2921853,2,9,0,332,1,0,0,3,card,gateway_error,0.8614,1
2691332,0,18,1,62,3,3,20,6,upi,card_expired,0.805,0
3059130,4,2,2,119,4,4,3,3,card,temporary_gateway_issue,0.2517,1
3836172,5,4,3,37,3,2,17,0,netbanking,temporary_gateway_issue,0.3706,0
4074279,4,2,2,134,3,3,5,2,upi,card_expired,0.1017,0
3604709,1,15,1,26,2,2,1,0,wallet,temporary_gateway_issue,0.5831,0
4779842,2,16,2,8,4,3,2,2,upi,user_abandoned,0.3961,1
140251,3,14,3,4,0,0,13,0,upi,insufficient_funds,0.2032,0
1019101,5,2,1,21,2,2,7,6,card,insufficient_funds,0.155,0
87436,2,11,2,149,4,4,15,0,netbanking,temporary_gateway_issue,0.6312,1
3254999,4,8,1,25,1,0,18,0,upi,user_abandoned,0.7883,0
4495251,3,11,1,143,2,2,17,5,card,insufficient_funds,0.33,0
1255237,2,14,0,245,1,1,5,6,upi,gateway_error,0.7812,0
4638820,0,1,0,43,2,2,13,4,card,gateway_error,0.925,1
348323,5,17,1,293,3,0,2,6,upi,insufficient_funds,0.2255,0
4675458,1,19,2,185,4,0,15,0,upi,card_expired,0.5175,0
1790532,2,11,2,42,1,0,0,1,upi,checkout_abandoned,0.5812,1
552033,2,3,2,92,2,2,11,1,upi,timeout,0.645,1
2455065,0,15,3,317,1,0,13,1,upi,insufficient_funds,0.265,1
1321044,4,15,1,324,2,2,18,5,card,temporary_gateway_issue,0.8813,1
1460120,5,0,1,53,2,0,21,3,upi,timeout,0.705,0
1571085,5,1,3,84,0,0,18,0,upi,unknown,0.2733,0
4024978,1,2,1,34,0,0,8,6,upi,insufficient_funds,0.3883,0
2718848,2,19,1,76,0,0,6,1,upi,gateway_error,0.8717,1
1590973,3,16,3,353,1,0,13,5,upi,gateway_error,0.6097,0
3071152,2,19,0,197,3,3,4,3,upi,temporary_gateway_issue,0.7917,1
3594945,1,0,1,286,2,1,17,1,upi,insufficient_funds,0.155,0
1399488,2,19,3,88,4,4,8,2,upi,checkout_abandoned,0.4817,1
2097068,0,5,2,235,0,0,20,4,card,temporary_gateway_issue,0.835,1
653336,2,14,0,232,1,1,6,0,card,temporary_gateway_issue,0.8812,0
946689,2,13,2,7,1,1,8,4,upi,insufficient_funds,0.3383,0
3421533,3,19,1,292,1,0,3,4,upi,checkout_abandoned,0.5073,1
948119,0,14,0,38,4,1,16,2,upi,insufficient_funds,0.625,1
2649558,0,13,3,52,4,0,11,2,upi,gateway_error,0.665,0
3559778,2,4,1,143,0,0,5,2,upi,gateway_error,0.5883,1
579040,5,5,3,221,4,3,17,3,netbanking,insufficient_funds,0.05,0
2858195,3,16,0,240,0,0,7,1,upi,user_abandoned,0.8197,1
1319985,2,10,2,143,4,3,20,6,unknown,temporary_gateway_issue,0.7767,1
4816488,2,15,1,349,4,2,14,0,upi,insufficient_funds,0.4638,1
2443550,1,11,1,363,4,4,2,2,netbanking,timeout,0.5758,1
4039663,1,14,3,49,0,0,1,5,card,insufficient_funds,0.05,0
2773621,5,3,0,277,2,0,23,0,upi,gateway_error,0.8063,1
264892,3,17,3,271,0,0,22,6,upi,checkout_abandoned,0.4625,1
3184099,4,2,0,14,2,2,8,0,card,insufficient_funds,0.2917,0
4759446,1,7,1,298,1,1,7,0,netbanking,card_expired,0.5112,1
3027978,4,2,0,15,1,0,3,2,upi,timeout,0.5917,1
4104984,0,7,1,234,0,0,1,2,upi,unknown,0.455,0
4426821,1,17,0,63,2,0,13,1,upi,insufficient_funds,0.6056,1
1178994,1,9,2,196,2,0,1,6,upi,insufficient_funds,0.15,0
1099621,3,19,0,27,2,2,1,2,wallet,temporary_gateway_issue,0.6773,1
3074355,5,16,2,93,1,1,21,2,card,temporary_gateway_issue,0.7517,0
2084590,4,7,0,105,0,0,6,0,upi,temporary_gateway_issue,0.8977,1
4207313,1,10,0,309,3,1,11,1,upi,unknown,0.7432,1
4505114,1,4,3,52,2,0,5,4,upi,user_abandoned,0.245,1
1799435,3,12,3,319,2,2,17,2,netbanking,temporary_gateway_issue,0.495,0
1222509,3,4,1,181,3,2,3,5,wallet,temporary_gateway_issue,0.455,0
3913601,5,12,3,57,0,0,18,2,upi,gateway_error,0.7121,1
1410289,4,5,0,120,2,0,12,4,upi,user_abandoned,0.7194,1
4121940,0,4,3,308,0,0,19,0,wallet,temporary_gateway_issue,0.715,1
2147504,5,8,0,363,2,2,20,6,upi,insufficient_funds,0.6404,1
3354372,0,15,2,43,4,0,22,1,upi,checkout_abandoned,0.635,0
522899,2,1,0,135,2,1,1,0,upi,insufficient_funds,0.1917,1
3138103,1,0,1,260,4,1,7,6,upi,user_abandoned,0.405,0
2286250,4,7,2,197,0,0,18,3,upi,insufficient_funds,0.4077,1
2953711,5,18,1,133,2,1,8,2,wallet,card_expired,0.4789,0
881670,1,10,1,255,1,1,3,6,card,insufficient_funds,0.1732,0
3697525,4,11,1,220,1,0,15,5,upi,temporary_gateway_issue,0.8117,0
4320845,4,11,3,336,3,0,18,6,upi,unknown,0.4717,1
1122862,4,6,1,41,1,0,9,3,card,timeout,0.665,1
523787,1,12,2,255,4,0,5,2,upi,temporary_gateway_issue,0.5581,1
167011,5,7,0,2,1,1,15,3,upi,temporary_gateway_issue,0.8792,1
3227758,3,8,1,195,1,0,9,4,upi,gateway_error,0.8095,1
3055115,1,6,2,242,1,0,12,2,card,card_expired,0.385,1
2756152,4,14,1,149,2,0,8,5,upi,temporary_gateway_issue,0.8272,1
1198138,5,1,0,198,3,1,6,2,upi,user_abandoned,0.5833,0
1984984,2,19,2,299,0,0,3,3,upi,temporary_gateway_issue,0.5517,0
2992657,0,11,2,245,3,1,18,1,upi,temporary_gateway_issue,0.935,1
2508995,4,0,0,338,4,1,3,3,wallet,card_expired,0.125,1
4939538,2,7,2,108,2,2,18,2,card,insufficient_funds,0.3572,0
725376,3,4,0,212,2,0,18,2,upi,user_abandoned,0.875,1
3490965,4,14,2,156,1,0,11,6,upi,insufficient_funds,0.3072,1
2051377,2,0,2,26,1,1,12,1,card,gateway_error,0.335,0
2169588,4,0,0,82,4,2,3,0,upi,insufficient_funds,0.075,0
3602108,1,9,0,83,2,1,9,1,netbanking,gateway_error,0.89,1
3477558,5,9,2,131,0,0,20,0,card,temporary_gateway_issue,0.71,1
4956717,2,14,2,329,3,2,6,5,upi,gateway_error,0.7412,0
685551,5,16,0,100,2,1,4,2,wallet,timeout,0.6417,1
565342,1,5,3,256,0,0,16,6,upi,gateway_error,0.6067,1
3635477,1,2,0,49,0,0,17,4,upi,temporary_gateway_issue,0.9083,1
2913015,5,12,2,63,3,3,10,4,card,temporary_gateway_issue,0.5821,0
1407095,2,15,2,311,0,0,14,3,netbanking,gateway_error,0.6438,1
443125,5,7,2,290,4,1,20,1,card,gateway_error,0.6892,1
474008,5,14,0,105,0,0,21,1,card,temporary_gateway_issue,0.95,1
4476244,0,16,2,105,4,2,6,4,upi,gateway_error,0.785,1
999743,2,16,3,325,0,0,17,0,upi,gateway_error,0.6261,0
1650689,0,12,1,15,1,1,5,1,upi,gateway_error,0.705,0
1171949,4,16,3,175,0,0,17,0,card,user_abandoned,0.345,0
1807231,5,5,0,259,4,2,15,0,upi,timeout,0.85,1
393648,4,16,2,211,0,0,1,0,upi,insufficient_funds,0.115,0
2619345,2,15,0,259,0,0,18,0,wallet,checkout_abandoned,0.8838,0
384682,5,13,1,102,0,0,0,6,upi,gateway_error,0.8078,1
4011764,4,12,0,260,4,1,10,3,upi,temporary_gateway_issue,0.9375,1
1206874,3,5,2,344,0,0,19,3,upi,user_abandoned,0.6537,1
2723058,1,2,1,159,3,2,4,6,upi,timeout,0.5883,0
4406391,5,13,1,45,3,0,15,4,upi,unknown,0.5578,1
3271842,1,13,2,301,4,0,22,3,upi,checkout_abandoned,0.61,1
2688141,0,14,2,251,1,1,0,5,upi,gateway_error,0.785,1
1655452,4,7,2,331,3,2,18,6,upi,unknown,0.5577,1
1698359,0,14,0,165,2,0,13,1,upi,checkout_abandoned,0.875,1
3363960,5,12,3,193,3,2,2,5,upi,temporary_gateway_issue,0.3621,1
4970989,1,16,0,9,2,1,1,6,upi,unknown,0.5544,1
3326103,1,2,0,65,4,2,23,3,upi,gateway_error,0.9083,1
2811027,4,5,3,282,1,1,4,1,upi,timeout,0.3094,0
3666720,5,4,2,181,2,2,16,1,netbanking,temporary_gateway_issue,0.4906,1
2352767,3,16,2,282,2,1,17,0,netbanking,gateway_error,0.6297,0
347704,3,1,3,279,3,3,0,4,upi,insufficient_funds,0.05,0
2833369,4,14,3,30,2,2,14,0,upi,temporary_gateway_issue,0.5872,1
4790245,5,4,0,266,4,1,21,6,card,timeout,0.8806,1
917749,4,19,1,328,4,1,8,0,card,insufficient_funds,0.3441,0
3465524,5,5,3,217,4,4,22,5,wallet,temporary_gateway_issue,0.39,1
1044621,0,5,0,320,3,2,4,3,upi,gateway_error,0.825,1
2702347,4,17,1,105,1,1,12,5,card,timeout,0.7383,1
528548,5,17,2,184,3,2,18,3,netbanking,user_abandoned,0.6055,0
2279336,3,3,2,330,4,2,23,5,upi,timeout,0.61,1
3793008,5,16,0,148,3,1,9,1,upi,timeout,0.9417,1
1770479,5,13,0,105,4,2,19,3,upi,insufficient_funds,0.6778,1
3341313,4,13,3,47,0,0,20,3,upi,temporary_gateway_issue,0.7326,0
3987477,0,12,2,87,0,0,13,5,upi,insufficient_funds,0.385,1
4639530,0,6,0,309,2,1,21,2,netbanking,unknown,0.825,1
1211478,0,11,2,129,1,1,20,1,upi,card_expired,0.685,1
2026613,0,14,2,258,0,0,11,6,upi,insufficient_funds,0.385,0
804459,2,18,3,314,4,2,10,1,netbanking,insufficient_funds,0.13,1
4962793,4,10,1,147,3,3,22,6,upi,insufficient_funds,0.405,1
4638654,1,14,3,72,3,0,6,2,upi,timeout,0.6417,0
2722787,4,11,0,140,2,2,16,5,upi,insufficient_funds,0.5317,0
4218064,2,2,3,27,3,0,17,5,upi,timeout,0.49,1
2628741,0,16,3,29,0,0,6,1,upi,temporary_gateway_issue,0.665,1
3136749,2,2,2,271,3,1,23,5,netbanking,insufficient_funds,0.11,0
491165,3,18,3,174,0,0,19,4,upi,user_abandoned,0.615,1
3788588,3,19,0,253,0,0,5,4,card,temporary_gateway_issue,0.6773,0
682181,4,3,1,60,1,0,10,6,upi,unknown,0.455,1
4139034,4,2,3,107,2,2,11,2,wallet,gateway_error,0.3317,0
3921039,1,15,3,220,4,1,15,3,card,gateway_error,0.5431,1
3558286,1,11,1,259,0,0,18,4,wallet,insufficient_funds,0.5258,1
228993,3,7,0,146,2,2,22,6,upi,card_expired,0.67,1
1550485,0,16,0,52,4,1,18,5,netbanking,card_expired,0.825,1
1352407,2,6,3,60,3,3,10,2,netbanking,gateway_error,0.4775,1
1832675,1,10,2,34,2,0,15,6,card,gateway_error,0.6532,0
483831,5,17,3,96,2,1,22,6,upi,insufficient_funds,0.1855,0
4687941,1,0,1,89,2,2,11,4,upi,temporary_gateway_issue,0.555,1
2791321,0,2,1,316,3,1,7,0,upi,insufficient_funds,0.505,1
1562345,0,3,1,231,3,2,2,2,upi,insufficient_funds,0.305,1
2015058,4,12,3,275,2,0,1,1,card,insufficient_funds,0.05,0
2263652,2,5,3,246,1,1,5,6,card,temporary_gateway_issue,0.265,0
3022941,0,13,0,111,0,0,15,4,card,gateway_error,0.925,1
2602613,1,4,2,234,3,1,19,1,upi,temporary_gateway_issue,0.865,1
4600990,1,15,3,278,1,0,23,2,upi,gateway_error,0.6431,0
2509969,3,14,0,166,3,1,14,4,upi,insufficient_funds,0.5632,1
4961182,0,14,3,128,2,1,13,1,upi,user_abandoned,0.515,1
4264553,5,3,0,237,1,1,1,3,card,gateway_error,0.5063,0
1082127,4,7,0,291,4,4,19,6,upi,gateway_error,0.95,1
4656446,2,15,2,107,0,0,17,3,card,gateway_error,0.6438,1
626013,5,15,3,128,0,0,13,0,upi,user_abandoned,0.4275,0
4096376,4,3,0,195,3,2,17,5,netbanking,gateway_error,0.725,1
1934085,1,12,1,339,0,0,1,2,upi,unknown,0.4281,1
4395972,5,12,1,143,4,1,0,5,upi,temporary_gateway_issue,0.8021,1
4346880,4,1,1,111,1,0,19,5,upi,temporary_gateway_issue,0.775,1
4039330,1,2,2,90,1,0,1,1,upi,gateway_error,0.4683,0
3960650,1,7,0,251,2,2,8,0,card,insufficient_funds,0.4812,0
1558161,1,14,2,280,1,0,8,2,card,insufficient_funds,0.2617,1
450550,1,10,3,333,3,0,15,3,upi,insufficient_funds,0.2332,0
2044751,1,8,3,224,4,1,10,5,upi,temporary_gateway_issue,0.6261,1
908946,3,6,0,101,2,2,22,1,card,temporary_gateway_issue,0.8083,1
3490007,5,12,1,132,3,3,5,5,upi,temporary_gateway_issue,0.6021,1
1763193,4,1,0,13,3,2,11,4,upi,insufficient_funds,0.345,0
4879270,3,7,0,98,3,1,2,3,netbanking,temporary_gateway_issue,0.62,0
3222811,3,6,0,120,0,0,11,5,upi,timeout,0.9083,0
4121278,0,11,2,293,3,3,22,4,card,temporary_gateway_issue,0.685,1
705997,0,18,3,304,0,0,0,4,card,temporary_gateway_issue,0.565,1
4316971,0,6,0,199,1,1,8,1,netbanking,insufficient_funds,0.525,0
4617648,2,9,0,1,0,0,19,1,card,gateway_error,0.95,1
2460956,0,15,0,60,3,2,21,4,upi,insufficient_funds,0.775,1
3050952,4,2,2,250,4,0,5,0,upi,temporary_gateway_issue,0.3517,0
3835808,3,9,2,140,4,1,10,5,unknown,gateway_error,0.5975,0
915451,4,5,2,149,1,0,2,4,upi,checkout_abandoned,0.2794,0
2537702,5,17,0,44,3,2,3,4,card,temporary_gateway_issue,0.6455,0
2023381,0,17,1,186,0,0,9,1,netbanking,insufficient_funds,0.405,0
774551,2,4,1,108,4,2,18,5,card,user_abandoned,0.6883,0
1869295,5,6,1,44,2,2,5,2,upi,gateway_error,0.5459,1
387452,2,1,3,78,3,2,0,3,upi,user_abandoned,0.2817,0
177768,5,10,0,226,3,0,7,1,upi,gateway_error,0.9083,1
719073,3,12,1,162,2,2,7,5,upi,insufficient_funds,0.435,1
4817419,4,4,1,281,4,3,5,5,wallet,timeout,0.43,0
2770171,1,5,1,253,2,1,16,6,card,checkout_abandoned,0.5967,0
4830819,4,13,0,132,1,1,18,0,card,timeout,0.95,1
2190864,0,11,1,144,0,0,0,3,upi,insufficient_funds,0.505,0
1593489,1,3,1,266,0,0,14,1,upi,insufficient_funds,0.4175,0
2555402,2,5,0,109,4,0,12,1,upi,gateway_error,0.925,1
2225582,3,9,3,194,2,0,20,2,upi,timeout,0.7275,0
573040,3,17,2,35,3,3,2,6,upi,gateway_error,0.5325,0
3222090,2,14,1,275,3,1,1,6,upi,insufficient_funds,0.2612,0
1119389,0,7,2,187,3,1,2,0,upi,timeout,0.585,1
3116960,2,8,3,243,1,0,8,6,upi,user_abandoned,0.445,0
3268495,5,4,3,264,1,0,15,0,unknown,insufficient_funds,0.05,0
802523,0,9,1,10,3,0,23,5,upi,card_expired,0.655,1
353680,1,19,0,166,4,1,12,5,card,gateway_error,0.9075,1
3914769,2,5,3,29,1,1,18,1,upi,gateway_error,0.715,1
2326012,0,15,2,271,1,1,17,2,upi,insufficient_funds,0.385,0
337910,1,2,2,87,0,0,20,1,upi,insufficient_funds,0.4183,0
4974588,2,9,2,23,0,0,11,6,card,timeout,0.6214,0
336013,3,10,2,210,4,2,11,4,upi,card_expired,0.4542,1
3490424,2,10,3,46,1,0,0,5,upi,temporary_gateway_issue,0.6067,0
4919210,4,16,1,28,1,1,19,4,netbanking,timeout,0.885,1
1233941,2,3,1,26,2,2,7,6,upi,gateway_error,0.765,1
754134,4,3,2,266,4,0,16,2,upi,gateway_error,0.585,0
650855,1,16,1,175,4,4,20,1,upi,gateway_error,0.95,1
1551211,2,8,2,4,2,0,19,5,upi,card_expired,0.615,1
550176,1,18,2,311,2,1,21,2,card,insufficient_funds,0.4166,1
3476198,1,4,0,322,0,0,6,1,card,gateway_error,0.855,1
358344,0,5,3,67,4,4,8,1,upi,insufficient_funds,0.265,0
2571639,1,2,3,135,4,4,16,4,upi,temporary_gateway_issue,0.5483,1
4983649,1,0,2,55,2,0,9,3,netbanking,user_abandoned,0.185,0
4079152,2,19,3,31,3,1,3,6,upi,insufficient_funds,0.05,0
3095336,2,15,1,74,3,1,21,0,netbanking,gateway_error,0.9138,1
1565955,3,10,2,19,0,0,6,5,upi,unknown,0.4542,0
3138284,0,12,0,156,3,2,6,0,card,gateway_error,0.925,1
2658855,1,9,1,337,3,0,7,2,wallet,timeout,0.77,1
2159112,0,2,0,156,3,1,23,0,card,insufficient_funds,0.525,0
697016,4,8,0,147,1,0,23,4,upi,gateway_error,0.9083,1
4438690,1,11,3,87,0,0,7,3,card,timeout,0.5358,1
2276434,0,13,3,20,2,2,15,5,card,gateway_error,0.565,1
1013381,3,0,2,269,3,1,11,6,card,user_abandoned,0.185,0
1870408,3,17,3,333,1,0,14,1,upi,temporary_gateway_issue,0.6125,0
2099942,1,16,0,43,3,2,7,1,card,temporary_gateway_issue,0.9044,1
4146312,4,8,0,306,1,0,21,6,upi,timeout,0.95,1
3681391,3,8,1,28,0,0,8,4,upi,gateway_error,0.8095,1
3858059,3,9,0,260,3,0,2,5,card,insufficient_funds,0.2375,0
104604,4,18,2,22,1,0,21,0,upi,user_abandoned,0.7214,1
2109962,0,14,2,101,4,1,20,6,netbanking,timeout,0.835,1
2432653,3,4,3,39,4,0,15,1,netbanking,temporary_gateway_issue,0.415,1
145001,2,14,3,290,1,1,14,0,wallet,timeout,0.5212,1
1336075,5,19,3,353,3,1,23,4,card,checkout_abandoned,0.3421,0
3813434,5,1,2,300,3,2,3,1,upi,gateway_error,0.2933,0
728693,3,12,0,170,0,0,19,2,upi,insufficient_funds,0.705,0
2699785,0,15,3,296,0,0,15,3,upi,gateway_error,0.665,1
1115249,0,14,1,353,2,0,9,0,upi,user_abandoned,0.755,1
109997,1,9,3,130,0,0,10,6,upi,card_expired,0.38,0
1243947,2,13,2,156,3,1,4,5,card,user_abandoned,0.2883,0
4880575,0,9,3,74,2,1,10,0,upi,checkout_abandoned,0.515,1
4017608,4,13,0,342,0,0,12,0,upi,gateway_error,0.9426,1
4799904,2,8,3,90,1,0,14,0,card,gateway_error,0.495,1
2464877,5,13,2,67,4,1,5,6,upi,temporary_gateway_issue,0.4878,1
593194,2,2,2,236,0,0,15,4,upi,temporary_gateway_issue,0.61,0
2762399,4,19,1,200,0,0,14,4,upi,timeout,0.8441,1
2299167,3,15,2,332,1,0,10,5,card,card_expired,0.3767,0
4229567,4,1,1,227,3,2,19,4,card,temporary_gateway_issue,0.675,1
535508,4,9,0,348,1,1,1,6,card,insufficient_funds,0.2173,0
2466793,3,2,2,233,0,0,1,5,upi,card_expired,0.125,0
792740,3,10,3,266,3,1,11,5,card,gateway_error,0.4842,1
1657145,3,10,0,86,2,1,15,4,card,gateway_error,0.8442,1
3699917,3,12,3,102,0,0,18,1,upi,insufficient_funds,0.345,1
2406289,3,6,3,214,1,0,1,4,upi,insufficient_funds,0.05,0
1910647,4,16,3,108,2,2,16,1,card,checkout_abandoned,0.345,1
2002657,1,1,0,165,4,4,13,2,upi,temporary_gateway_issue,0.85,1
2324261,1,11,0,91,2,1,23,4,card,card_expired,0.6458,0
3935831,0,9,2,192,1,0,15,2,upi,insufficient_funds,0.385,0
4465819,1,17,3,335,2,1,4,4,card,gateway_error,0.3456,1
4778906,5,10,1,86,1,0,9,2,upi,gateway_error,0.7883,0
3945171,1,15,2,222,0,0,16,3,upi,gateway_error,0.7631,1
1611264,4,16,0,363,3,3,12,2,upi,gateway_error,0.95,1
3456266,3,18,1,101,4,0,15,1,netbanking,temporary_gateway_issue,0.755,1
2216135,3,17,0,226,3,1,8,0,netbanking,insufficient_funds,0.4725,1
1310619,4,2,1,364,3,0,23,5,card,timeout,0.5717,1
4212314,5,15,2,60,3,1,3,2,card,insufficient_funds,0.05,0
240210,1,5,1,250,1,1,23,0,upi,gateway_error,0.8467,1
4513721,4,11,2,48,1,1,15,6,card,timeout,0.5917,1
2334313,0,10,0,117,4,2,22,3,upi,insufficient_funds,0.625,0
3204147,3,14,1,227,1,1,10,3,upi,checkout_abandoned,0.6932,1
3313801,2,14,3,362,1,1,6,6,upi,checkout_abandoned,0.4712,1
4480832,0,15,3,33,1,1,16,6,upi,card_expired,0.415,0
3201514,5,9,0,44,1,0,21,6,upi,card_expired,0.8,1
3088971,0,11,1,165,0,0,12,1,upi,gateway_error,0.905,1
379927,4,12,3,345,4,3,3,6,upi,gateway_error,0.3775,0
2616119,1,3,2,292,1,1,13,1,card,user_abandoned,0.4475,1
793336,3,6,1,337,4,2,9,2,upi,insufficient_funds,0.3883,0
3700297,5,1,1,344,2,1,9,4,upi,insufficient_funds,0.2133,0
2585498,5,14,3,287,0,0,9,6,netbanking,user_abandoned,0.3229,1
3417127,2,7,2,364,1,0,11,6,upi,timeout,0.7072,1
256280,0,6,2,225,0,0,1,3,netbanking,gateway_error,0.485,1
469720,2,14,2,286,0,0,22,0,card,gateway_error,0.6412,1
3595800,1,13,1,204,2,1,8,4,upi,gateway_error,0.88,1
406817,1,7,0,172,4,0,4,3,upi,card_expired,0.5312,0
402720,2,11,1,12,0,0,7,2,upi,insufficient_funds,0.4512,0
109936,3,12,1,307,3,2,20,6,upi,checkout_abandoned,0.835,1
4784681,1,10,3,121,2,2,13,3,upi,card_expired,0.3832,1
3700666,2,16,0,244,3,3,6,1,upi,gateway_error,0.95,0
1798594,0,16,2,152,2,1,6,0,upi,gateway_error,0.785,1
1517851,2,3,3,152,3,2,8,0,card,insufficient_funds,0.05,0
1781030,2,7,1,188,3,3,2,1,upi,checkout_abandoned,0.4772,0
3884534,4,4,0,13,0,0,13,6,netbanking,gateway_error,0.75,0
3323784,1,15,2,91,0,0,16,6,upi,user_abandoned,0.6131,1
966718,3,3,2,200,2,1,17,4,netbanking,temporary_gateway_issue,0.51,1
911841,3,14,1,74,4,2,11,1,upi,temporary_gateway_issue,0.8432,1
537058,4,11,2,256,0,0,21,6,card,checkout_abandoned,0.5917,0
3318498,5,4,2,276,0,0,13,0,upi,gateway_error,0.5906,1
3833644,3,15,0,328,1,0,12,6,card,timeout,0.8667,1
1361979,2,13,3,329,0,0,13,2,upi,gateway_error,0.6183,1
153677,4,9,0,71,4,2,8,6,upi,user_abandoned,0.7673,1
456749,0,6,3,78,1,0,18,4,upi,user_abandoned,0.665,0
4840907,1,12,3,284,3,3,1,5,upi,user_abandoned,0.2881,1
1512451,1,19,3,130,3,3,10,3,upi,gateway_error,0.6475,1
3857654,1,4,2,43,1,1,16,5,upi,gateway_error,0.715,1
3142084,2,2,0,8,1,1,1,2,upi,insufficient_funds,0.25,1
1940601,0,14,2,13,1,1,18,5,upi,temporary_gateway_issue,0.935,1
1068151,4,3,1,213,2,0,6,6,card,timeout,0.605,1
650862,4,14,0,111,4,1,17,4,wallet,insufficient_funds,0.4472,1
3094314,1,13,3,291,4,1,12,0,upi,gateway_error,0.64,0
3884437,0,19,2,23,3,3,4,0,card,card_expired,0.235,0
3237326,0,18,2,302,3,0,17,2,card,user_abandoned,0.535,1
2674995,0,12,0,254,3,2,22,5,upi,unknown,0.775,1
257658,3,9,0,15,0,0,23,4,upi,temporary_gateway_issue,0.9375,1
4844019,3,4,3,130,3,1,23,3,upi,temporary_gateway_issue,0.515,0
4003635,1,19,3,61,1,0,15,6,netbanking,gateway_error,0.5475,0
1499469,0,19,1,115,3,2,14,5,upi,gateway_error,0.905,0
4900853,5,5,3,320,1,1,7,5,card,temporary_gateway_issue,0.39,1
3029313,0,3,2,308,2,1,14,3,card,unknown,0.435,0
2932992,4,1,1,325,0,0,0,1,upi,gateway_error,0.625,1
3752962,4,15,1,67,0,0,16,6,upi,temporary_gateway_issue,0.8313,0
4068260,1,17,1,249,4,4,14,2,card,gateway_error,0.7856,1
3299569,5,4,0,175,2,0,13,6,upi,temporary_gateway_issue,0.8306,1
684073,0,3,3,339,1,1,13,4,upi,gateway_error,0.665,0
1724424,5,12,1,2,2,2,9,2,upi,insufficient_funds,0.4021,0
4644014,1,18,0,172,0,0,1,3,unknown,insufficient_funds,0.3066,1
1161847,4,1,0,334,1,0,5,4,upi,gateway_error,0.545,1
1892226,4,12,1,284,2,0,16,0,card,gateway_error,0.7175,1
2188780,3,10,1,54,0,0,4,0,upi,timeout,0.6242,1
2225054,1,3,2,67,1,1,4,6,upi,temporary_gateway_issue,0.4975,1
3084050,1,19,1,102,1,1,14,4,netbanking,gateway_error,0.7875,0
4718225,0,19,2,120,0,0,14,2,card,checkout_abandoned,0.535,0
1241428,0,14,1,191,1,1,19,2,upi,insufficient_funds,0.655,0
651431,3,3,1,304,0,0,10,0,card,insufficient_funds,0.23,0
1027478,2,8,3,47,3,1,4,0,upi,user_abandoned,0.245,0
4440278,5,6,1,222,3,1,0,3,card,insufficient_funds,0.2459,0
3246763,2,18,1,21,1,0,10,4,upi,user_abandoned,0.72,1
1465238,2,18,2,158,1,0,10,2,netbanking,checkout_abandoned,0.5,1
4088937,1,5,2,348,0,0,5,3,card,gateway_error,0.4267,1
4313781,5,5,3,159,1,0,22,2,upi,user_abandoned,0.34,0
4240245,1,19,1,235,4,2,7,0,netbanking,gateway_error,0.7875,1
4598686,5,14,1,150,3,0,1,4,unknown,temporary_gateway_issue,0.5129,1
1298593,4,14,2,257,1,0,14,1,upi,user_abandoned,0.5572,0
3787457,1,19,0,165,1,1,22,4,netbanking,checkout_abandoned,0.7575,1
2329670,1,8,0,77,2,0,21,5,netbanking,timeout,0.95,1
4217892,1,3,0,85,1,1,8,1,card,gateway_error,0.8375,0
3656028,3,17,2,46,4,0,14,6,wallet,insufficient_funds,0.2325,0
3893414,1,17,2,47,3,0,7,6,upi,insufficient_funds,0.3656,0
3298001,0,4,0,213,2,1,15,3,card,temporary_gateway_issue,0.925,1
928272,0,19,0,59,0,0,13,1,netbanking,unknown,0.675,1
2747883,5,10,1,54,0,0,14,1,upi,temporary_gateway_issue,0.7883,1
4924115,4,4,2,342,3,0,19,3,upi,gateway_error,0.76,0
4690070,3,3,2,12,0,0,12,4,upi,gateway_error,0.61,1
263709,5,11,0,192,4,4,8,3,netbanking,temporary_gateway_issue,0.8156,1
865833,0,1,0,6,1,0,0,5,card,timeout,0.925,1
702057,3,12,3,309,3,2,5,0,upi,gateway_error,0.395,0
3643600,3,9,2,144,2,2,7,6,upi,card_expired,0.4475,1
4098037,4,8,3,346,1,0,19,0,upi,gateway_error,0.6983,0
1106881,3,9,1,261,0,0,17,6,upi,insufficient_funds,0.4175,1
2553970,1,6,3,73,0,0,17,1,card,card_expired,0.265,0
4211479,3,3,0,174,2,1,16,3,upi,gateway_error,0.85,0
3677367,4,18,2,232,4,2,20,3,netbanking,insufficient_funds,0.3714,1
2734074,5,9,2,270,2,0,15,3,card,card_expired,0.31,0
2972221,4,2,3,362,3,3,12,5,wallet,insufficient_funds,0.05,0
2566384,4,18,3,222,2,2,21,5,upi,insufficient_funds,0.3514,1
1522864,0,1,1,52,0,0,3,4,unknown,user_abandoned,0.455,1
2846858,1,19,1,116,4,1,3,2,upi,unknown,0.4375,1
3459982,0,9,0,26,4,1,20,6,card,gateway_error,0.95,1
4372948,5,1,0,53,2,1,13,2,card,timeout,0.6333,1
3199642,2,1,0,29,3,1,4,2,upi,gateway_error,0.5917,1
3817551,5,16,3,19,0,0,15,6,upi,gateway_error,0.5817,0
842354,1,15,3,303,1,1,13,4,upi,temporary_gateway_issue,0.6431,1
2334709,3,15,2,279,4,1,13,3,card,unknown,0.3767,1
96191,4,13,0,117,2,0,13,2,upi,insufficient_funds,0.5426,0
1271060,2,6,3,106,3,2,23,3,wallet,temporary_gateway_issue,0.4775,0
3645985,1,10,2,309,3,2,13,1,upi,gateway_error,0.7532,1
4959459,0,0,0,227,0,0,18,2,unknown,checkout_abandoned,0.75,1
540931,4,10,1,352,4,3,2,1,upi,temporary_gateway_issue,0.605,1
2037396,5,3,1,186,0,0,16,4,upi,temporary_gateway_issue,0.6863,1
4010351,0,6,3,261,1,1,13,0,upi,user_abandoned,0.515,0
1059976,1,14,2,16,1,0,9,5,netbanking,timeout,0.6617,0
2797670,1,17,1,273,1,1,12,6,card,gateway_error,0.7856,0
3678702,5,11,2,160,3,0,21,4,upi,insufficient_funds,0.4256,0
3099127,2,16,2,358,4,4,3,4,upi,checkout_abandoned,0.3961,0
980722,5,0,1,250,0,0,10,4,upi,checkout_abandoned,0.405,0
1809153,3,10,2,224,0,0,14,2,card,gateway_error,0.6042,0
3929769,0,0,1,256,1,1,14,1,upi,temporary_gateway_issue,0.73,1
2793421,2,14,3,180,4,0,23,5,card,gateway_error,0.5212,1
75886,4,9,0,20,4,1,1,2,card,insufficient_funds,0.2173,0
3816904,3,6,0,112,2,1,10,0,netbanking,card_expired,0.5583,1
224791,2,1,3,120,4,0,1,6,card,temporary_gateway_issue,0.1317,0
3741382,0,9,1,194,4,1,22,6,upi,card_expired,0.655,0
1052278,1,3,1,111,0,0,4,5,unknown,timeout,0.5175,0
4792463,4,11,1,210,4,2,12,6,upi,card_expired,0.5617,0
1871306,5,18,1,1,4,4,0,6,upi,checkout_abandoned,0.6789,0
1668311,0,10,3,58,0,0,6,4,netbanking,insufficient_funds,0.165,0
786995,3,7,0,93,4,3,6,3,upi,temporary_gateway_issue,0.92,1
1562740,3,17,2,221,0,0,9,0,upi,timeout,0.7325,0
4389421,1,10,2,211,2,2,5,1,upi,user_abandoned,0.4032,0
4981854,1,10,0,232,3,1,19,0,upi,gateway_error,0.95,1
1873132,4,12,3,262,0,0,11,2,upi,user_abandoned,0.4275,1
2270622,5,2,2,364,0,0,12,6,upi,gateway_error,0.535,0
3624251,4,11,0,103,4,0,23,3,upi,gateway_error,0.9317,1
4436669,1,2,3,50,0,0,10,2,netbanking,gateway_error,0.4483,1
2985569,1,9,2,110,1,1,17,5,card,unknown,0.4,0
1988052,3,16,1,88,1,0,1,4,card,insufficient_funds,0.1497,0
2092478,1,1,1,20,2,0,15,6,card,gateway_error,0.63,1
3493309,2,16,3,14,0,0,1,4,netbanking,unknown,0.0761,0
65930,0,15,1,133,4,2,18,0,netbanking,card_expired,0.705,1
3116967,1,1,3,296,4,4,5,4,netbanking,user_abandoned,0.05,0
1809690,4,19,0,34,3,1,0,4,netbanking,gateway_error,0.8641,1
3981276,5,5,0,208,2,0,10,5,upi,gateway_error,0.85,1
510303,5,9,2,301,4,0,17,1,card,insufficient_funds,0.16,0
2961601,5,9,3,199,3,2,9,1,card,card_expired,0.19,0
2430815,2,7,2,80,4,2,17,2,card,timeout,0.6072,1
3229511,4,0,2,71,3,0,0,6,upi,timeout,0.435,0
371025,2,12,0,155,1,0,18,2,upi,card_expired,0.875,1
2920919,1,8,2,78,1,0,15,1,upi,gateway_error,0.7461,1
2829348,0,9,1,78,4,0,6,0,wallet,timeout,0.805,1
2825267,5,14,2,172,2,2,14,1,card,temporary_gateway_issue,0.5929,1
3037263,4,4,3,289,0,0,0,2,upi,gateway_error,0.49,1
3398516,5,15,1,33,2,0,22,3,upi,gateway_error,0.8175,1
4034695,2,12,0,300,2,2,20,6,card,card_expired,0.775,1
1385612,3,19,3,276,0,0,8,4,upi,user_abandoned,0.4673,1
4133994,1,17,1,7,1,0,1,5,upi,temporary_gateway_issue,0.6856,0
2516365,0,10,3,160,1,0,16,3,upi,gateway_error,0.665,1
431438,1,8,1,240,0,0,23,3,upi,gateway_error,0.8661,1
339827,3,15,3,24,3,0,9,4,upi,checkout_abandoned,0.4567,1
1704479,0,1,3,214,2,1,5,1,card,timeout,0.365,0
3935240,3,1,1,70,4,0,4,6,upi,unknown,0.1925,0
3553020,1,11,0,216,1,1,7,0,upi,user_abandoned,0.8458,1
3953644,2,7,0,104,4,0,7,3,card,temporary_gateway_issue,0.8472,1
2610481,1,8,3,215,0,0,4,0,netbanking,gateway_error,0.3261,1
2228985,1,11,3,54,4,4,11,5,upi,insufficient_funds,0.2358,1
779890,1,8,0,294,4,3,6,5,card,gateway_error,0.8861,1
1674554,4,9,0,330,2,1,12,5,wallet,gateway_error,0.8173,1
2198395,3,1,2,336,0,0,12,2,wallet,gateway_error,0.4225,0
488572,3,15,0,203,4,4,16,3,netbanking,timeout,0.8667,1
1142029,5,19,3,288,1,0,3,5,card,insufficient_funds,0.05,0
3011215,3,6,1,45,0,0,17,2,upi,temporary_gateway_issue,0.7883,1
3691532,5,1,0,317,1,0,9,5,card,insufficient_funds,0.2333,0
4991820,4,0,2,198,3,3,2,1,card,gateway_error,0.135,0
4668910,2,18,2,216,4,4,11,3,upi,card_expired,0.5,0
3230697,5,3,2,309,0,0,0,2,upi,card_expired,0.3163,0
2135177,1,1,1,332,1,1,10,5,card,gateway_error,0.63,0
3199077,2,13,0,184,4,2,17,6,wallet,timeout,0.8783,0
3938975,4,1,0,27,2,0,12,2,upi,insufficient_funds,0.345,0
635764,3,14,0,166,1,0,16,5,upi,gateway_error,0.95,1
2079029,5,11,1,318,1,0,7,1,card,temporary_gateway_issue,0.6956,1
4207021,1,4,1,274,3,0,19,0,upi,unknown,0.735,1
1949973,0,19,3,103,2,0,18,5,card,gateway_error,0.715,0
2880767,0,6,2,333,3,3,16,0,upi,insufficient_funds,0.385,1
2959458,2,9,2,104,2,0,1,3,upi,user_abandoned,0.3714,0
963157,3,13,0,245,1,0,2,1,card,temporary_gateway_issue,0.6594,1
1843065,0,13,1,305,3,2,2,6,upi,temporary_gateway_issue,0.705,1
1705830,2,4,1,169,4,4,5,3,upi,user_abandoned,0.4383,0
179673,4,17,0,116,2,0,9,6,upi,temporary_gateway_issue,0.95,1
169749,2,13,0,141,1,1,23,0,upi,timeout,0.95,1
4166900,2,1,3,356,0,0,21,1,card,card_expired,0.2317,0
1401700,2,11,2,125,2,2,17,4,card,card_expired,0.3812,0
2614489,1,5,2,25,2,2,17,1,upi,unknown,0.4767,0
1528691,2,3,2,194,4,3,13,1,upi,user_abandoned,0.495,0
4706362,5,12,3,100,2,0,15,6,upi,timeout,0.5621,0
1333518,2,3,0,5,2,2,6,4,netbanking,user_abandoned,0.635,0
2176801,1,13,0,19,4,1,0,2,upi,checkout_abandoned,0.85,1
4370014,1,15,2,170,4,2,16,2,netbanking,unknown,0.4131,0
4217571,4,3,2,274,3,2,22,2,card,card_expired,0.235,0
971202,3,0,3,254,1,0,4,0,card,gateway_error,0.05,0
4023084,0,12,1,121,1,1,0,1,card,card_expired,0.555,0
2318025,0,3,1,32,3,0,20,5,netbanking,gateway_error,0.95,1
2440695,2,19,2,149,1,1,16,4,wallet,temporary_gateway_issue,0.6517,1
710725,4,17,3,266,2,0,9,5,card,gateway_error,0.4983,1
448977,2,5,2,37,3,1,11,0,upi,checkout_abandoned,0.535,0
3653299,0,2,1,177,3,1,19,4,netbanking,temporary_gateway_issue,0.95,1
2507482,1,12,2,342,1,1,1,5,upi,card_expired,0.3081,0
2212410,3,15,1,13,0,0,22,6,netbanking,insufficient_funds,0.3467,0
3661065,4,4,1,183,1,0,15,0,card,gateway_error,0.63,1
3839288,1,3,1,145,0,0,14,0,wallet,insufficient_funds,0.3175,0
836595,3,7,0,265,3,1,12,0,netbanking,timeout,0.82,1
3070614,4,18,0,88,0,0,17,4,upi,user_abandoned,0.8114,1
720002,4,13,2,46,2,0,19,5,card,gateway_error,0.7526,1
3769306,0,6,1,119,4,0,21,5,upi,temporary_gateway_issue,0.95,1
3301928,1,13,0,19,0,0,13,3,upi,timeout,0.95,1
4785242,4,5,2,220,4,0,17,0,upi,gateway_error,0.6294,0
391342,5,11,2,233,2,1,1,2,upi,gateway_error,0.4756,0
332420,4,15,2,94,4,1,1,1,card,gateway_error,0.4113,0
1446826,3,16,2,251,2,0,2,6,wallet,timeout,0.4297,0
1345443,0,12,2,250,4,2,4,6,card,temporary_gateway_issue,0.485,0
1272545,2,13,3,282,4,0,15,3,upi,insufficient_funds,0.2183,0
4535960,0,6,1,232,1,0,21,3,netbanking,unknown,0.705,0
1285253,2,13,2,46,0,0,14,4,netbanking,card_expired,0.3883,1
1396151,1,14,3,46,4,3,11,3,card,temporary_gateway_issue,0.5417,1
3809021,1,11,1,14,3,0,8,5,card,insufficient_funds,0.3758,1
2276212,4,16,0,85,1,1,13,4,netbanking,gateway_error,0.855,1
3894717,5,8,2,319,0,0,20,4,upi,gateway_error,0.8004,1
373562,1,14,3,328,1,0,15,6,wallet,temporary_gateway_issue,0.5417,1
2463477,4,11,0,3,0,0,10,6,wallet,temporary_gateway_issue,0.8317,1
216387,0,1,3,28,2,0,5,2,netbanking,insufficient_funds,0.05,0
360133,1,4,1,157,4,0,9,0,upi,checkout_abandoned,0.685,0
4536865,0,12,1,343,3,3,7,3,netbanking,checkout_abandoned,0.655,1
739264,0,19,0,333,1,0,15,0,upi,gateway_error,0.95,1
2685482,5,7,3,332,1,0,2,0,card,timeout,0.2192,0
2084923,1,13,2,175,1,0,1,0,netbanking,gateway_error,0.46,0
1769349,0,14,2,114,1,1,15,4,upi,timeout,0.785,1
4504175,5,10,0,331,4,4,18,0,upi,gateway_error,0.95,1
158025,5,0,0,250,0,0,8,3,netbanking,checkout_abandoned,0.425,0
3335758,1,2,0,59,4,0,15,4,netbanking,user_abandoned,0.6583,1
4818802,5,16,3,203,2,0,21,3,netbanking,gateway_error,0.6317,1
2822832,1,18,2,315,4,2,3,4,upi,card_expired,0.3166,0
4687271,1,13,2,239,4,3,9,1,card,timeout,0.66,1
308676,2,7,2,234,2,1,18,1,upi,insufficient_funds,0.4572,0
2123026,0,12,0,303,4,4,12,1,netbanking,timeout,0.925,1
1337781,3,19,2,95,0,0,17,1,upi,timeout,0.7373,1
3667563,1,2,1,141,3,0,14,4,card,user_abandoned,0.5383,1
4907420,0,4,0,334,2,1,3,0,upi,card_expired,0.575,1
1319823,5,8,2,113,1,1,8,2,unknown,insufficient_funds,0.1504,1
3288164,4,5,3,109,0,0,3,6,card,user_abandoned,0.0594,0
1030583,1,1,0,362,3,3,15,5,card,unknown,0.5,1
2848384,5,12,1,345,0,0,20,2,upi,temporary_gateway_issue,0.95,1
2346465,5,4,1,289,0,0,14,1,card,gateway_error,0.6106,0
4861426,5,7,3,97,1,1,23,0,upi,card_expired,0.2692,0
3062209,5,0,3,335,3,2,1,3,upi,unknown,0.05,0
1780056,5,19,0,16,0,0,13,0,card,gateway_error,0.8521,1
614774,1,11,0,44,1,1,2,3,netbanking,insufficient_funds,0.2958,0
798671,3,10,1,230,2,1,21,2,upi,gateway_error,0.95,1
1165318,2,6,3,108,1,1,22,0,upi,card_expired,0.3275,1
1292284,5,14,0,217,4,0,3,0,card,checkout_abandoned,0.4829,0
4260549,5,10,1,260,1,0,0,5,netbanking,insufficient_funds,0.2883,0
2828052,2,15,3,312,1,1,22,2,upi,insufficient_funds,0.2238,0
2640785,1,2,1,320,1,0,8,0,wallet,checkout_abandoned,0.5383,1
618105,0,19,2,196,0,0,16,3,wallet,gateway_error,0.685,1
4307691,4,13,3,95,3,2,13,6,upi,user_abandoned,0.4326,0
3627930,4,2,0,56,1,1,16,0,upi,temporary_gateway_issue,0.7917,1
384958,0,0,0,32,1,1,0,3,card,insufficient_funds,0.35,0
3553783,1,14,2,231,4,0,9,1,wallet,insufficient_funds,0.2617,1
2740514,4,0,3,9,4,0,22,0,card,timeout,0.215,0
454540,2,16,1,191,2,2,15,3,upi,checkout_abandoned,0.7161,1
2318588,0,1,0,361,2,2,18,6,upi,unknown,0.925,1
2449246,3,19,2,200,4,0,23,2,upi,user_abandoned,0.5873,1
870583,1,5,2,334,3,2,2,1,card,gateway_error,0.4267,0
4731205,0,7,3,161,2,0,11,0,upi,temporary_gateway_issue,0.665,1
4257378,4,15,3,87,3,0,2,5,card,insufficient_funds,0.05,0
3361660,1,18,0,21,4,4,14,3,upi,checkout_abandoned,0.8566,1
2338363,2,0,2,311,2,0,16,6,upi,insufficient_funds,0.05,0
2088239,1,2,1,76,1,1,17,5,upi,unknown,0.5383,0
3272318,1,2,2,141,4,0,6,0,upi,unknown,0.4183,1
2749887,2,4,1,126,2,1,18,3,netbanking,insufficient_funds,0.4383,0
358251,5,11,1,251,3,1,6,0,upi,user_abandoned,0.6456,1
2586888,2,11,0,84,3,1,4,1,card,unknown,0.4212,0
4041697,1,19,2,48,2,1,7,6,upi,user_abandoned,0.6175,1
2323237,2,12,1,78,3,3,20,6,upi,timeout,0.95,1
307185,5,19,3,30,2,2,15,1,upi,user_abandoned,0.4421,0
3942077,0,8,1,285,2,2,15,0,upi,gateway_error,0.905,1
1046750,2,6,3,136,3,3,18,0,upi,timeout,0.7275,1
1330173,2,3,3,140,0,0,14,4,netbanking,gateway_error,0.425,0
865296,1,18,2,41,1,0,6,0,upi,gateway_error,0.7666,1
1684564,0,18,3,282,4,3,4,6,upi,user_abandoned,0.315,0
3795919,3,5,1,50,1,0,22,0,netbanking,timeout,0.6737,0
2620960,3,12,3,258,4,4,10,5,upi,gateway_error,0.595,0
1064162,4,10,2,311,4,1,9,5,card,temporary_gateway_issue,0.585,0
4395258,2,12,0,360,1,0,20,1,upi,unknown,0.875,1
4403930,2,12,1,270,2,2,22,5,upi,user_abandoned,0.705,1
4359363,0,19,1,134,3,3,8,0,card,gateway_error,0.805,1
1232041,5,14,2,234,0,0,0,2,unknown,unknown,0.3429,0
2283634,3,12,2,128,0,0,19,0,upi,temporary_gateway_issue,0.865,1
4925698,4,10,2,104,0,0,0,6,upi,timeout,0.685,1
3871461,0,18,2,254,1,1,7,4,upi,card_expired,0.535,1
184478,2,7,1,95,1,0,2,3,upi,checkout_abandoned,0.4772,1
372762,3,19,0,337,2,0,1,6,wallet,user_abandoned,0.5273,1
2346460,4,7,3,217,0,0,3,1,upi,temporary_gateway_issue,0.3377,0
4550640,1,9,3,61,2,0,18,5,netbanking,timeout,0.68,1
2716573,3,15,0,268,0,0,10,2,upi,temporary_gateway_issue,0.95,1
2514171,4,18,0,241,1,1,4,6,netbanking,insufficient_funds,0.2614,0
572094,0,10,0,13,3,1,23,3,card,insufficient_funds,0.525,0
3301061,1,12,2,147,3,2,9,2,netbanking,temporary_gateway_issue,0.6581,1
4119410,4,8,1,240,3,1,23,1,upi,insufficient_funds,0.3883,0
1933079,4,19,1,89,3,0,22,5,netbanking,gateway_error,0.7441,0
3889278,2,18,1,95,4,1,7,4,card,timeout,0.77,1
4824159,5,15,2,315,0,0,12,6,card,card_expired,0.3475,0
1058643,3,6,1,293,3,1,4,6,netbanking,insufficient_funds,0.0883,0
2640481,2,18,2,25,4,0,11,6,card,unknown,0.4,0
1471332,1,11,1,272,4,4,12,1,netbanking,gateway_error,0.7758,1
3974629,5,14,0,166,4,3,21,2,upi,insufficient_funds,0.6829,1
2909087,4,13,3,250,2,2,7,2,card,insufficient_funds,0.0826,0
3191182,2,10,3,87,2,2,14,1,netbanking,gateway_error,0.5067,1
3999675,5,9,2,142,4,0,12,6,upi,gateway_error,0.66,0
2010053,3,10,1,134,3,2,0,0,upi,checkout_abandoned,0.6742,1
4579695,1,5,3,279,0,0,21,1,wallet,insufficient_funds,0.2567,0
2688492,0,1,0,126,1,1,5,5,upi,insufficient_funds,0.425,1
831876,2,10,0,316,2,0,10,5,upi,insufficient_funds,0.5667,1
3494700,1,18,0,141,3,2,12,4,upi,user_abandoned,0.8566,1
3976643,0,5,2,356,3,3,20,1,netbanking,temporary_gateway_issue,0.835,1
1617970,2,13,2,103,1,0,19,3,wallet,user_abandoned,0.6383,1
4293037,1,19,1,226,1,1,0,5,wallet,temporary_gateway_issue,0.7875,1
4535409,1,5,0,63,3,2,10,5,card,insufficient_funds,0.4667,0
1420677,5,16,1,294,1,1,10,5,card,gateway_error,0.7217,0
4918431,2,9,1,306,3,2,7,0,upi,user_abandoned,0.6914,1
746522,1,0,0,254,1,0,21,3,upi,card_expired,0.575,1
1049977,4,2,1,180,1,1,2,6,upi,insufficient_funds,0.0717,0
961912,2,7,3,40,3,3,18,6,upi,gateway_error,0.7372,0
4475249,1,7,2,264,4,3,11,1,netbanking,insufficient_funds,0.2412,1
3288748,5,19,1,189,3,2,5,0,netbanking,gateway_error,0.5321,0
802916,0,14,0,8,0,0,22,5,card,insufficient_funds,0.525,1
2229600,0,6,2,104,1,1,7,6,unknown,user_abandoned,0.535,0
3095725,4,10,2,225,2,1,4,3,wallet,card_expired,0.135,1
463147,2,6,1,34,1,1,9,6,card,gateway_error,0.7175,1
4417961,5,3,3,236,0,0,21,3,upi,unknown,0.3462,1
4027837,1,11,1,228,2,0,15,0,upi,checkout_abandoned,0.7258,1
2550773,1,5,3,188,2,1,11,6,card,insufficient_funds,0.1067,0
4837276,0,13,2,313,3,1,16,5,upi,insufficient_funds,0.385,0
2117916,5,11,1,22,4,2,5,0,upi,checkout_abandoned,0.4456,1
4921346,4,10,0,343,3,0,8,2,wallet,timeout,0.825,1
3356203,0,18,1,40,2,2,9,5,upi,insufficient_funds,0.505,0
3191622,0,4,3,173,2,1,19,0,upi,card_expired,0.565,0
871476,4,13,3,179,4,1,13,1,card,gateway_error,0.4826,0
4415542,2,15,1,86,1,0,13,6,card,user_abandoned,0.6138,1
2166073,1,12,3,133,4,4,16,5,upi,insufficient_funds,0.2381,1
853055,2,19,2,351,3,3,15,4,upi,timeout,0.7517,0
112407,5,3,1,13,1,1,3,5,unknown,gateway_error,0.3863,0
2820790,3,10,3,28,3,1,1,2,upi,temporary_gateway_issue,0.3842,0
2660628,3,16,1,84,4,2,15,0,netbanking,insufficient_funds,0.3497,0
3610800,3,6,1,318,1,1,0,4,upi,insufficient_funds,0.3883,1
4456777,4,13,0,349,4,1,2,2,upi,card_expired,0.4926,0
443062,0,10,1,343,0,0,22,1,upi,temporary_gateway_issue,0.905,1
3670907,2,8,0,280,2,2,10,5,netbanking,gateway_error,0.855,0
977689,1,12,3,354,1,0,15,6,netbanking,insufficient_funds,0.1381,0
4297976,3,17,0,263,2,2,17,4,upi,timeout,0.95,1
4104364,2,10,0,166,0,0,14,6,upi,gateway_error,0.95,1
2726929,3,14,0,293,1,1,8,0,upi,gateway_error,0.95,1
3565701,3,18,2,68,2,2,11,0,netbanking,checkout_abandoned,0.485,0
1606033,1,0,0,226,2,2,17,1,upi,gateway_error,0.675,1
2382281,5,3,1,170,1,1,4,2,upi,user_abandoned,0.3363,1
4117102,5,13,0,86,2,0,23,4,upi,temporary_gateway_issue,0.9278,1
2323362,5,13,1,133,2,2,7,1,card,timeout,0.7078,0
1821101,4,2,0,178,1,1,2,2,netbanking,gateway_error,0.4917,1
2496351,0,16,2,343,2,1,1,3,card,user_abandoned,0.335,0
4149833,4,2,3,252,2,2,18,3,upi,gateway_error,0.5817,1
1709279,2,15,0,15,3,2,7,2,upi,temporary_gateway_issue,0.95,1
910119,4,13,0,223,3,2,1,0,upi,gateway_error,0.7426,1
3574469,2,19,2,201,0,0,18,0,upi,user_abandoned,0.7517,1
4138592,2,12,0,107,3,1,0,3,netbanking,user_abandoned,0.725,0
548155,0,14,1,250,3,2,21,0,upi,temporary_gateway_issue,0.95,1
1237376,1,13,0,89,0,0,12,6,upi,temporary_gateway_issue,0.95,1
752761,0,18,0,125,2,1,22,0,card,card_expired,0.675,1
1772309,5,5,3,113,2,2,19,2,card,user_abandoned,0.39,0
2279237,5,9,3,137,3,3,16,5,card,timeout,0.44,1
3756690,4,14,0,247,0,0,2,2,netbanking,checkout_abandoned,0.4972,0
3273180,2,19,2,166,2,0,8,0,card,temporary_gateway_issue,0.6517,0
3123596,3,5,3,150,4,3,4,2,netbanking,gateway_error,0.2338,0
1794255,3,9,0,363,1,0,5,4,card,gateway_error,0.6375,0
4215165,2,6,3,343,1,0,3,3,upi,timeout,0.3775,0
2382871,0,16,0,68,1,1,16,5,upi,insufficient_funds,0.625,1
4896569,1,17,3,221,3,3,20,4,wallet,gateway_error,0.6956,1
3189003,0,16,3,271,1,1,20,4,wallet,temporary_gateway_issue,0.715,1
675010,2,8,1,321,1,1,20,0,card,insufficient_funds,0.485,1
3397078,2,9,0,310,4,4,15,0,card,gateway_error,0.8614,1
1659264,1,9,0,349,2,2,15,4,upi,gateway_error,0.95,1
3447319,4,6,0,20,4,4,21,4,card,checkout_abandoned,0.785,0
394723,4,15,0,289,3,2,10,1,unknown,temporary_gateway_issue,0.8513,0
915663,1,17,3,100,1,0,1,1,netbanking,gateway_error,0.3456,1
4285899,4,5,1,252,2,0,16,6,upi,timeout,0.7494,0
1174538,3,19,1,77,1,1,14,3,upi,user_abandoned,0.7073,1
4193353,4,0,2,135,1,0,17,4,upi,timeout,0.435,0
1432416,4,0,0,173,3,2,9,2,upi,temporary_gateway_issue,0.675,1
3232265,4,11,2,363,1,0,5,5,upi,user_abandoned,0.3417,0
3486045,3,1,3,201,0,0,20,1,card,insufficient_funds,0.0525,0
2587641,4,3,2,217,2,1,15,0,upi,temporary_gateway_issue,0.585,1
1561287,5,16,0,208,2,0,4,4,netbanking,timeout,0.6417,1
1102589,3,3,1,74,0,0,11,2,card,card_expired,0.38,1
214287,1,10,1,11,3,3,5,5,netbanking,insufficient_funds,0.1732,0
1554534,0,3,0,287,1,0,13,2,netbanking,checkout_abandoned,0.775,1
3283155,1,0,3,256,1,0,22,6,card,timeout,0.215,0
4694608,0,6,0,12,2,1,15,2,netbanking,user_abandoned,0.775,1
4362462,1,17,3,78,3,1,6,0,upi,insufficient_funds,0.2456,0
3842020,5,8,1,172,3,3,1,1,wallet,temporary_gateway_issue,0.4704,0
3952814,0,2,3,96,3,2,5,2,upi,insufficient_funds,0.065,0
3341675,0,7,0,306,1,1,8,5,wallet,gateway_error,0.925,1
1338419,2,18,0,273,3,3,6,1,upi,gateway_error,0.95,0
4540615,0,3,0,179,0,0,1,6,upi,card_expired,0.575,0
3370124,0,17,3,64,4,3,18,6,upi,timeout,0.815,1
2824181,2,19,3,132,3,3,7,3,card,gateway_error,0.5317,1
599397,4,10,3,343,4,2,10,0,upi,insufficient_funds,0.165,0
2262924,4,13,1,272,1,1,3,1,card,gateway_error,0.5226,0
2328773,2,17,2,319,3,2,15,6,netbanking,user_abandoned,0.4982,1
4329589,3,15,2,332,2,1,17,6,upi,gateway_error,0.7267,1
2755908,0,2,0,341,1,1,12,1,card,timeout,0.925,0
1932982,0,14,1,109,0,0,4,2,upi,timeout,0.705,1
4885161,2,3,3,273,0,0,1,5,card,insufficient_funds,0.05,0
598066,2,4,0,168,4,4,10,2,card,temporary_gateway_issue,0.8083,0
2141614,3,16,1,180,4,4,0,5,upi,insufficient_funds,0.4497,0
258022,5,6,0,58,2,2,12,6,unknown,user_abandoned,0.6159,1
3712525,4,15,1,79,2,0,4,6,card,card_expired,0.2813,0
4594478,1,13,1,61,0,0,17,0,netbanking,card_expired,0.53,1
1436184,5,15,2,121,3,3,13,1,card,card_expired,0.3475,0
4298791,4,6,0,207,0,0,12,4,netbanking,gateway_error,0.785,1
1496480,0,8,3,34,0,0,6,6,upi,gateway_error,0.665,1
4558312,5,3,2,70,2,2,7,5,upi,user_abandoned,0.4163,0
3782111,2,10,2,17,4,1,17,5,upi,user_abandoned,0.5767,1
4034288,3,1,3,20,2,1,6,2,netbanking,timeout,0.3025,1
139132,4,11,1,315,2,0,19,2,upi,timeout,0.95,1
4815911,3,11,3,69,2,2,16,6,wallet,temporary_gateway_issue,0.49,0
3647021,4,3,0,215,0,0,15,6,upi,gateway_error,0.825,1
1558517,5,17,3,161,3,2,10,3,upi,timeout,0.5855,1
4155503,0,6,1,102,0,0,18,5,upi,checkout_abandoned,0.905,1
1443529,1,0,3,206,1,1,0,0,card,insufficient_funds,0.05,0
4370131,3,12,1,145,2,0,20,1,wallet,temporary_gateway_issue,0.885,1
607272,3,5,1,57,2,2,7,1,upi,temporary_gateway_issue,0.7737,1
3533245,1,5,0,83,1,1,0,1,card,gateway_error,0.8667,1
2726457,3,11,3,269,2,2,8,5,upi,insufficient_funds,0.19,0
527845,3,7,3,187,2,1,18,2,card,unknown,0.36,0
1247374,4,18,0,6,2,2,20,0,upi,user_abandoned,0.95,1
111399,4,4,1,353,1,0,8,1,upi,user_abandoned,0.58,1
2370401,1,17,3,350,0,0,20,5,card,timeout,0.6956,1
1541263,0,4,0,110,2,2,9,4,card,insufficient_funds,0.525,0
3011869,5,9,1,138,3,0,23,6,upi,unknown,0.53,1
1521327,5,0,0,51,1,0,22,3,upi,insufficient_funds,0.275,0
1534599,3,9,3,51,4,4,10,3,card,checkout_abandoned,0.3275,1
3728806,0,4,0,87,1,0,0,1,netbanking,card_expired,0.675,1
288307,1,11,2,68,0,0,19,2,wallet,temporary_gateway_issue,0.8058,1
4519330,1,6,1,84,1,0,7,3,netbanking,insufficient_funds,0.355,1
4268706,4,8,2,42,4,0,19,3,wallet,temporary_gateway_issue,0.7183,0
3355633,3,11,2,219,3,0,11,3,upi,gateway_error,0.71,1
2986446,2,0,1,57,4,2,0,3,upi,temporary_gateway_issue,0.555,0
4466897,1,10,1,226,1,1,9,1,upi,user_abandoned,0.7232,1
967384,3,14,0,196,4,0,3,5,upi,card_expired,0.5132,0
440897,0,1,1,248,1,1,14,0,card,temporary_gateway_issue,0.805,1
1235575,4,19,2,166,3,2,18,0,netbanking,temporary_gateway_issue,0.7741,1
3983162,5,6,2,62,3,3,5,2,upi,timeout,0.4259,0
221617,0,11,3,263,0,0,4,5,card,insufficient_funds,0.05,1
2934893,1,17,1,112,3,0,4,6,card,insufficient_funds,0.1856,0
4977415,1,2,2,253,2,0,17,4,card,timeout,0.5683,1
4285695,0,6,3,199,4,3,2,0,upi,insufficient_funds,0.065,0
2631156,1,10,3,178,4,0,21,4,netbanking,gateway_error,0.6832,1
365022,3,17,0,26,1,1,1,0,upi,insufficient_funds,0.3725,0
4165298,1,11,2,246,3,2,3,0,wallet,temporary_gateway_issue,0.4558,1
3014943,4,5,0,19,0,0,17,2,wallet,temporary_gateway_issue,0.7694,1
618918,3,4,2,265,0,0,8,3,upi,temporary_gateway_issue,0.635,1
514593,2,0,0,317,0,0,18,2,upi,insufficient_funds,0.425,1
4552652,1,11,0,20,2,2,9,0,card,user_abandoned,0.7458,1
3362541,1,10,1,106,3,0,21,5,upi,card_expired,0.7732,1
4154969,4,3,0,237,0,0,14,3,upi,timeout,0.825,1
4400945,4,17,1,306,2,2,0,5,wallet,insufficient_funds,0.3383,1
2880273,5,3,3,246,4,0,10,5,upi,gateway_error,0.4463,0
2611359,0,16,2,81,1,1,13,5,upi,temporary_gateway_issue,0.785,1
2180615,0,1,3,150,3,1,9,3,card,user_abandoned,0.415,0
1618885,0,1,2,10,3,2,18,5,upi,temporary_gateway_issue,0.935,1
2201250,4,11,3,321,4,3,23,3,upi,insufficient_funds,0.1717,1
3880704,0,5,2,224,3,1,20,4,card,gateway_error,0.835,1
3029520,0,9,0,264,3,2,15,6,upi,checkout_abandoned,0.875,1
4467990,2,15,2,149,3,1,7,0,card,checkout_abandoned,0.4938,1
2244731,0,13,2,278,3,3,1,1,unknown,gateway_error,0.485,1
3055093,1,6,3,274,2,1,22,5,netbanking,card_expired,0.265,0
3174972,5,18,3,194,2,0,6,2,upi,gateway_error,0.5889,1
2978900,4,16,3,172,1,1,18,4,upi,insufficient_funds,0.345,1
3528037,3,8,1,265,3,3,6,2,card,gateway_error,0.7095,1
1225295,5,12,1,310,4,1,14,1,card,gateway_error,0.7021,1
2586200,2,4,2,26,0,0,7,3,netbanking,gateway_error,0.5683,0
565912,4,4,2,350,1,1,13,1,card,checkout_abandoned,0.36,1
1953331,4,9,0,356,0,0,0,2,upi,user_abandoned,0.7673,1
2463951,1,9,0,26,0,0,12,1,upi,gateway_error,0.95,1
3278510,5,6,2,34,3,2,2,0,netbanking,insufficient_funds,0.05,0
4755128,5,14,1,264,4,0,20,1,wallet,gateway_error,0.8629,1
3023222,0,6,2,138,0,0,5,5,upi,temporary_gateway_issue,0.585,1
3730789,1,14,0,304,0,0,18,0,card,user_abandoned,0.9017,1
2556016,0,2,1,183,1,1,14,5,upi,gateway_error,0.905,1
3188814,0,18,1,363,4,3,3,6,upi,timeout,0.705,1
401114,4,9,0,242,4,3,20,6,upi,insufficient_funds,0.6673,1
1309238,5,14,2,54,0,0,2,1,wallet,gateway_error,0.3929,1
1841172,0,2,3,168,4,0,3,0,card,insufficient_funds,0.05,0
2388842,2,5,2,119,1,1,4,0,netbanking,checkout_abandoned,0.235,1
275961,2,11,2,143,1,1,17,6,unknown,card_expired,0.3812,1
743119,5,14,0,81,1,0,9,1,upi,gateway_error,0.9329,1
1420230,2,5,1,245,3,1,7,4,card,user_abandoned,0.555,0
4859086,4,12,0,352,0,0,11,3,netbanking,checkout_abandoned,0.6875,0
1690167,1,18,2,358,4,0,21,3,card,temporary_gateway_issue,0.8166,1
2436103,3,2,3,62,1,0,2,3,card,temporary_gateway_issue,0.155,0
1020683,0,7,3,46,0,0,17,0,upi,gateway_error,0.665,0
3073361,3,7,3,87,0,0,22,6,card,temporary_gateway_issue,0.46,0
1439381,1,19,0,99,3,0,7,3,upi,timeout,0.95,1
1074613,1,14,1,295,4,4,0,6,upi,temporary_gateway_issue,0.8817,1
2607034,4,3,0,53,4,2,13,0,upi,gateway_error,0.825,1
77253,2,18,3,192,1,0,21,6,upi,temporary_gateway_issue,0.78,1
87936,2,2,2,80,1,0,22,4,upi,insufficient_funds,0.21,0
1134390,1,12,1,16,0,0,12,1,upi,insufficient_funds,0.4781,1
231770,4,7,0,360,4,4,11,6,upi,timeout,0.8977,1
584727,4,15,0,326,4,2,2,6,upi,gateway_error,0.7513,1
1727360,5,12,1,194,1,0,17,1,upi,insufficient_funds,0.4021,0
4022799,0,2,1,141,2,0,20,0,netbanking,temporary_gateway_issue,0.95,1
2881640,2,15,2,108,0,0,12,0,netbanking,checkout_abandoned,0.4938,0
2587705,1,8,1,303,4,0,14,6,netbanking,temporary_gateway_issue,0.7661,1
1502769,5,13,2,265,3,2,9,4,wallet,gateway_error,0.5878,1
4662180,3,12,3,290,3,1,0,3,upi,gateway_error,0.595,0
2015224,2,6,3,209,2,1,5,4,upi,temporary_gateway_issue,0.3775,0
481109,0,14,0,165,1,1,8,1,upi,gateway_error,0.95,1
3104479,4,6,3,342,1,0,9,1,wallet,timeout,0.425,1
613500,1,5,3,320,1,1,14,5,netbanking,user_abandoned,0.3567,0
1758854,2,1,2,152,3,0,8,3,upi,temporary_gateway_issue,0.5517,1
2561689,3,8,0,290,1,0,22,6,upi,insufficient_funds,0.5295,0
4377401,0,16,1,268,3,3,13,1,card,card_expired,0.555,0
2493055,0,4,0,151,2,2,10,5,upi,temporary_gateway_issue,0.95,1
3526180,5,11,3,207,0,0,6,0,card,gateway_error,0.4556,0
4964443,2,0,1,255,4,1,23,1,wallet,gateway_error,0.455,0
700871,3,9,0,353,2,1,1,2,card,user_abandoned,0.4875,0
1409921,0,10,0,141,3,0,13,3,wallet,user_abandoned,0.775,0
2003151,1,15,0,343,2,2,5,5,upi,gateway_error,0.8031,1
2138049,0,13,0,358,4,1,4,3,card,gateway_error,0.725,1
2084554,3,7,2,96,0,0,4,3,netbanking,card_expired,0.13,0
4542674,4,16,0,227,4,0,18,2,card,insufficient_funds,0.605,0
3584461,4,17,3,193,3,3,18,4,card,card_expired,0.3983,0
3059130,5,11,3,303,4,0,5,0,card,gateway_error,0.2556,0
1581394,2,16,2,314,2,0,9,3,netbanking,unknown,0.3961,1
4127762,3,13,1,118,1,1,22,1,upi,card_expired,0.5894,1
4777549,5,15,1,5,2,0,13,0,upi,gateway_error,0.8175,1
4114931,0,13,3,352,3,1,16,1,upi,insufficient_funds,0.265,0
57747,0,8,3,243,0,0,2,0,wallet,gateway_error,0.365,0
3200186,4,3,2,21,4,2,0,6,wallet,temporary_gateway_issue,0.485,1
303120,5,10,1,152,0,0,9,0,upi,timeout,0.7883,1
1325155,4,5,1,128,3,2,2,5,upi,temporary_gateway_issue,0.5494,0
344647,1,14,0,124,4,0,4,1,wallet,timeout,0.7017,1
3038787,4,4,0,146,2,0,18,1,upi,gateway_error,0.95,1
3448620,1,10,0,277,2,1,9,6,upi,card_expired,0.7432,1
616713,0,17,2,310,3,3,15,0,upi,temporary_gateway_issue,0.785,0
1950002,5,12,3,152,4,0,0,3,upi,card_expired,0.3121,0
2308370,1,10,2,360,2,2,5,1,card,gateway_error,0.4532,1
1876812,5,13,1,111,3,3,8,6,upi,temporary_gateway_issue,0.8078,1
649073,5,17,3,116,3,0,4,2,card,insufficient_funds,0.05,0
2123791,1,18,0,188,0,0,13,2,wallet,insufficient_funds,0.5066,1
3768331,2,14,2,57,2,2,9,0,upi,insufficient_funds,0.3412,0
401487,4,8,2,251,4,0,1,4,upi,insufficient_funds,0.0683,0
446891,1,7,0,150,2,0,4,0,netbanking,unknown,0.4312,0
1806117,0,19,2,162,2,2,0,6,netbanking,gateway_error,0.685,1
4711542,5,0,0,120,2,1,9,0,upi,card_expired,0.425,1
3359434,3,3,1,70,3,1,21,3,upi,insufficient_funds,0.48,0
3409416,1,13,3,351,1,1,8,3,upi,insufficient_funds,0.24,0
1841503,4,1,1,99,1,0,2,5,card,timeout,0.325,1
2988620,5,15,1,167,0,0,14,6,upi,user_abandoned,0.6675,0
100149,2,2,0,298,2,0,3,4,upi,insufficient_funds,0.25,1
3198675,0,7,2,151,1,0,12,6,upi,user_abandoned,0.635,1
4570770,2,5,1,326,0,0,5,6,netbanking,gateway_error,0.505,0
3082238,3,15,1,2,3,2,19,4,upi,timeout,0.95,1
4374808,1,15,1,152,2,0,16,6,card,temporary_gateway_issue,0.7831,1
3633666,5,6,2,65,4,2,22,4,upi,temporary_gateway_issue,0.6259,1
646764,1,12,2,326,3,1,4,4,upi,insufficient_funds,0.1581,0
4517143,4,12,0,69,0,0,14,4,card,insufficient_funds,0.4375,1
378897,1,4,1,121,3,1,7,6,netbanking,temporary_gateway_issue,0.735,1
2693138,0,19,3,109,4,3,4,6,card,temporary_gateway_issue,0.365,1
753578,3,17,2,316,3,2,23,0,card,timeout,0.6325,0
107947,2,14,0,247,0,0,12,6,upi,insufficient_funds,0.5812,1
2139069,3,17,1,93,4,3,0,0,card,temporary_gateway_issue,0.7525,0
1510451,5,1,3,268,4,2,0,5,upi,gateway_error,0.3733,1
2455702,1,9,2,103,3,2,6,2,upi,card_expired,0.5,0
2907139,5,12,3,112,4,1,21,2,netbanking,card_expired,0.3621,0
266508,2,17,2,321,3,0,4,5,netbanking,gateway_error,0.4482,1
658866,5,14,0,304,2,2,13,5,card,temporary_gateway_issue,0.8329,1
2815279,4,11,3,344,4,2,14,1,netbanking,gateway_error,0.4717,0
1748678,3,14,1,62,3,2,20,0,unknown,user_abandoned,0.7432,1
3659408,2,12,1,300,2,0,16,4,upi,card_expired,0.605,1
3278843,2,17,2,136,4,3,23,1,wallet,gateway_error,0.6482,1
4235741,2,14,1,55,2,2,17,3,card,user_abandoned,0.6112,0
3477839,0,10,3,108,4,3,6,0,netbanking,gateway_error,0.565,1
2178158,3,18,0,303,0,0,21,6,card,temporary_gateway_issue,0.95,1
3381184,5,2,2,258,0,0,17,5,card,checkout_abandoned,0.285,0
1413136,2,6,3,253,3,3,18,2,card,user_abandoned,0.4775,0
1566251,3,13,2,222,1,1,19,0,upi,card_expired,0.6194,1
3955476,2,13,0,167,0,0,6,5,wallet,insufficient_funds,0.4783,0
2259776,4,12,2,160,1,0,7,0,upi,temporary_gateway_issue,0.6975,1
4001982,4,11,1,166,2,1,12,6,upi,user_abandoned,0.6617,1
4120990,4,8,1,205,2,0,17,0,upi,timeout,0.7883,0
4294933,1,0,2,267,1,0,23,6,upi,temporary_gateway_issue,0.435,0
4587344,2,18,0,138,3,3,10,0,upi,insufficient_funds,0.59,1
2183376,1,10,0,346,4,2,8,3,upi,user_abandoned,0.8432,1
1628390,3,18,1,248,1,1,22,2,upi,checkout_abandoned,0.705,1
2931883,1,17,0,55,1,1,0,0,upi,timeout,0.95,1
1887303,3,11,2,209,1,0,21,5,upi,card_expired,0.61,0
3025317,3,0,3,17,1,0,7,3,upi,gateway_error,0.315,1
3542650,3,18,2,68,1,1,20,1,wallet,timeout,0.785,0
3457604,5,19,1,133,3,0,11,0,upi,timeout,0.8321,1
1904036,1,16,1,188,0,0,1,6,upi,gateway_error,0.6844,1
875957,5,4,1,308,4,4,14,3,upi,user_abandoned,0.5606,1
2181120,2,2,0,138,0,0,20,4,upi,checkout_abandoned,0.85,1
755841,1,1,2,174,1,0,23,1,card,gateway_error,0.51,1
4455980,2,2,3,97,0,0,17,2,upi,user_abandoned,0.34,0
1762093,2,7,2,171,3,0,16,0,upi,timeout,0.7072,1
814575,3,15,3,154,2,0,14,0,upi,insufficient_funds,0.2067,0
175966,1,5,2,183,0,0,19,3,card,user_abandoned,0.6267,0
3246820,2,12,1,242,4,4,19,2,netbanking,temporary_gateway_issue,0.905,1
3202666,4,15,3,304,3,0,8,4,upi,card_expired,0.3413,1
1735990,2,15,2,285,2,0,2,1,upi,temporary_gateway_issue,0.5438,0
404973,4,2,0,27,3,3,19,5,upi,card_expired,0.6917,0
2077663,1,12,0,360,1,0,18,2,card,insufficient_funds,0.6481,1
1590526,5,13,2,60,2,1,17,0,upi,gateway_error,0.6878,1
3401747,1,7,1,202,4,0,19,3,upi,temporary_gateway_issue,0.95,1
3048607,5,11,3,250,2,1,7,4,upi,gateway_error,0.5556,0
1854738,5,7,2,362,4,4,0,3,upi,gateway_error,0.6392,1
1128568,1,8,0,69,1,1,23,1,upi,gateway_error,0.95,1
4940778,2,0,3,21,4,0,23,6,upi,card_expired,0.065,0
2297308,0,5,0,152,3,2,14,6,upi,user_abandoned,0.875,1
3456957,2,18,0,102,0,0,18,2,upi,checkout_abandoned,0.95,1
745737,2,10,2,95,3,1,9,3,card,user_abandoned,0.4767,0
2453669,3,10,0,361,3,1,11,5,upi,user_abandoned,0.7942,1
186306,3,12,3,229,2,2,5,5,card,gateway_error,0.295,0
2552002,2,10,1,125,1,1,12,6,card,card_expired,0.4967,0
4821886,4,17,2,258,0,0,3,6,card,card_expired,0.1683,0
1951823,5,14,3,322,4,1,12,3,wallet,gateway_error,0.4729,1
243030,3,0,2,236,2,0,16,0,upi,timeout,0.435,0
203231,2,6,0,162,1,1,0,3,upi,insufficient_funds,0.5375,0
1970534,0,12,0,42,0,0,4,4,card,checkout_abandoned,0.575,1
842123,4,11,3,276,3,0,23,2,card,timeout,0.4717,1
165592,1,17,3,353,1,1,16,1,card,unknown,0.2956,0
3793257,2,18,1,68,1,0,17,5,upi,gateway_error,0.87,1
2319688,2,14,3,173,1,0,6,3,card,gateway_error,0.5212,1
1481761,5,7,3,331,3,3,15,4,wallet,unknown,0.1692,0
4505411,4,18,2,125,4,3,7,6,upi,gateway_error,0.7214,1
624887,3,9,0,170,2,1,11,5,wallet,temporary_gateway_issue,0.8375,0
4781798,3,6,3,47,4,4,13,5,upi,timeout,0.5483,0
1604135,3,17,1,261,0,0,18,1,upi,user_abandoned,0.8525,1
4447598,1,15,3,217,2,1,10,5,upi,temporary_gateway_issue,0.6431,0
3034567,4,19,0,305,0,0,11,4,upi,gateway_error,0.95,1
4142201,4,5,3,124,3,3,12,5,card,insufficient_funds,0.05,0
4920865,3,8,2,293,4,1,7,5,card,insufficient_funds,0.1895,0
1477606,3,12,0,162,1,1,0,3,card,temporary_gateway_issue,0.855,1
4807620,5,7,3,201,2,2,8,3,upi,user_abandoned,0.3692,0
1977935,0,15,2,275,1,0,1,6,upi,card_expired,0.335,0
1958283,0,12,0,206,0,0,13,2,upi,user_abandoned,0.875,1
1734916,2,12,3,40,1,0,12,0,unknown,gateway_error,0.515,1
2729967,2,16,2,273,1,0,15,4,upi,timeout,0.7461,0
813017,4,19,1,188,3,3,1,0,netbanking,unknown,0.2941,1
2790871,4,4,2,355,3,0,3,0,upi,timeout,0.41,1
2731438,1,16,1,93,4,1,11,5,upi,gateway_error,0.8844,1
3821413,1,8,3,42,0,0,15,6,upi,unknown,0.3761,0
4176567,0,1,2,107,3,3,9,1,upi,insufficient_funds,0.385,1
2230184,2,17,1,328,3,0,2,1,wallet,user_abandoned,0.4182,1
1546549,0,8,0,65,4,3,3,5,card,gateway_error,0.725,1
1333707,0,5,2,309,2,0,5,6,wallet,timeout,0.485,1
1013387,2,10,3,135,4,1,22,4,netbanking,checkout_abandoned,0.3567,0
335355,1,5,0,24,1,1,4,0,card,insufficient_funds,0.2667,0
1745117,5,5,1,28,1,1,17,2,card,temporary_gateway_issue,0.63,0
1387726,5,12,2,62,3,3,2,6,card,gateway_error,0.3821,0
4833766,5,10,2,273,3,2,9,0,card,temporary_gateway_issue,0.5683,0
2810658,2,13,3,229,4,3,10,1,upi,temporary_gateway_issue,0.6183,0
1769021,3,1,0,20,4,4,18,0,upi,card_expired,0.6625,0
2923314,3,7,2,3,0,0,13,3,card,gateway_error,0.58,1
739023,3,2,2,218,1,1,20,3,upi,gateway_error,0.725,1
2248016,4,2,0,307,4,2,10,2,upi,temporary_gateway_issue,0.7917,1
3149859,1,0,2,136,2,1,20,4,netbanking,insufficient_funds,0.085,0
2470044,1,18,0,3,0,0,3,0,upi,timeout,0.8066,1
2038805,4,17,0,193,4,0,23,3,card,card_expired,0.6083,0
4969549,0,16,0,73,3,2,21,4,upi,user_abandoned,0.95,1
4407558,5,19,3,361,4,1,5,6,netbanking,temporary_gateway_issue,0.2921,1
3135859,3,12,0,118,3,1,16,6,upi,insufficient_funds,0.555,1
2868417,5,2,0,154,3,2,21,3,wallet,temporary_gateway_issue,0.825,1
3122269,3,0,1,209,1,0,18,4,unknown,gateway_error,0.605,1
1046494,5,3,1,34,1,0,12,4,wallet,insufficient_funds,0.1863,1
2005931,0,12,3,137,4,2,21,3,upi,user_abandoned,0.665,0
245324,5,16,0,318,4,4,9,5,upi,gateway_error,0.9417,1
2403952,5,10,1,120,2,2,10,1,wallet,gateway_error,0.6883,0
2737971,2,1,1,115,0,0,5,4,netbanking,card_expired,0.1217,0
1177361,5,15,2,13,0,0,1,6,wallet,timeout,0.3975,0
4821942,2,1,0,69,4,2,0,5,card,insufficient_funds,0.2917,1
4551800,1,18,1,333,1,1,10,0,upi,timeout,0.8866,1
3624609,4,18,3,257,2,2,15,5,upi,unknown,0.3514,1
2690263,5,15,2,89,0,0,2,3,netbanking,gateway_error,0.3975,1
4356347,1,18,2,47,4,1,4,5,card,gateway_error,0.4666,0
696729,2,8,0,260,1,1,14,1,upi,gateway_error,0.95,1
3963023,5,0,0,228,1,0,14,3,upi,card_expired,0.425,0
667863,5,9,2,180,1,0,3,2,card,temporary_gateway_issue,0.36,0
3981342,0,18,3,10,3,2,22,0,card,unknown,0.315,0
1415049,1,0,0,284,1,1,3,6,upi,card_expired,0.225,0
4391598,3,1,0,126,4,3,7,2,upi,temporary_gateway_issue,0.7625,1
4723008,3,15,2,134,2,2,6,5,upi,gateway_error,0.7267,1
786540,0,11,2,155,4,0,16,4,upi,insufficient_funds,0.385,0
2340244,2,7,0,248,1,1,14,5,wallet,temporary_gateway_issue,0.8472,1
4905887,3,17,1,140,2,2,4,6,card,checkout_abandoned,0.4025,0
2442866,3,1,0,318,0,0,12,6,card,insufficient_funds,0.2625,0
4324560,4,12,1,176,0,0,3,4,netbanking,temporary_gateway_issue,0.5175,1
2964221,1,5,2,323,4,4,21,2,upi,insufficient_funds,0.4767,0
1907883,2,5,1,174,2,0,16,2,netbanking,gateway_error,0.705,1
1464628,5,8,3,74,4,1,21,4,wallet,insufficient_funds,0.1804,0
1055954,1,15,2,351,2,0,16,1,card,gateway_error,0.6631,1
3820901,2,10,0,143,2,2,13,0,upi,timeout,0.95,1
1963375,3,6,0,292,4,3,13,3,card,insufficient_funds,0.4083,1
2580813,4,9,2,112,2,0,16,2,wallet,insufficient_funds,0.1773,0
2487011,1,9,2,206,1,0,7,0,upi,timeout,0.75,0
2907531,3,19,3,131,2,2,1,3,upi,gateway_error,0.4173,0
4334606,2,17,2,110,2,2,12,5,wallet,insufficient_funds,0.2482,0
4904659,1,19,0,67,4,1,21,3,wallet,insufficient_funds,0.6575,0
2067541,5,8,3,86,0,0,15,2,upi,insufficient_funds,0.1304,1
